session_id,user_id,label,attack_type,Isolation Forest,Autoencoder,LSTM Autoencoder
U0567_D15,U0567,1,new_device,0.1310068395255629,2.2601442,0.4589417
U0042_D10,U0042,0,normal,-0.1045558700262301,0.10961304,0.22791468
U0342_D1,U0342,0,normal,0.0771203663922337,0.56022704,0.26129663
U0299_D20,U0299,0,normal,-0.1152217103725311,0.13020319,0.21377696
U0147_D1,U0147,1,credential_attack,-0.0032618931651156,1.9225305,0.78122795
U0083_D11,U0083,0,normal,-0.0169979525194578,0.24736793,0.28156546
U0547_D7,U0547,0,normal,0.0905729767339799,0.24727252,0.2699893
U0146_D12,U0146,0,normal,-0.0956455073287839,0.069907226,0.21377696
U0205_D6,U0205,0,normal,0.0189533504531519,0.77287745,0.41035748
U0267_D4,U0267,0,normal,-0.0693622162271803,0.19998099,0.21377696
U0497_D7,U0497,0,normal,-0.0509562160191614,0.28286117,0.22661936
U0045_D5,U0045,0,normal,-0.1091981444387081,0.046376947,0.1946163
U0483_D6,U0483,0,normal,-0.011062824933875,0.34353182,0.28156546
U0056_D19,U0056,0,normal,-0.0384080795990361,0.33660984,0.28156546
U0201_D9,U0201,0,normal,-0.1224775966404594,0.078430705,0.21377696
U0287_D1,U0287,0,normal,-0.0909698530478658,0.14871967,0.21377696
U0336_D11,U0336,0,normal,-0.0763425622656286,0.17225978,0.22661936
U0184_D6,U0184,0,normal,-0.1057755332852136,0.15356247,0.22791468
U0191_D15,U0191,0,normal,0.1414718864603066,0.5410415,0.25575376
U0061_D10,U0061,0,normal,-0.0551144287775558,0.19848906,0.22661936
U0194_D16,U0194,0,normal,-0.1237431673004224,0.060158227,0.21377696
U0353_D8,U0353,0,normal,-0.1193422628445147,0.0881465,0.41658178
U0499_D17,U0499,0,normal,0.1624491950726154,0.79806185,0.26129663
U0175_D14,U0175,0,normal,0.0925590105326349,0.29330063,0.26129663
U0308_D3,U0308,0,normal,-0.085882529967009,0.18032447,0.22791468
U0087_D19,U0087,0,normal,-0.1056881368107346,0.12580986,0.1946163
U0170_D9,U0170,0,normal,-0.0810880649141591,0.13616477,0.22791468
U0092_D5,U0092,1,beneficiary_attack,0.2218760228562869,2.97717,0.5442336
U0095_D18,U0095,0,normal,-0.1177453378370596,0.08360934,0.21377696
U0385_D1,U0385,0,normal,-0.0575568325653949,0.36573786,0.22791468
U0574_D12,U0574,1,beneficiary_attack,0.1859868686601401,3.4902048,0.5442336
U0148_D7,U0148,0,normal,0.0008254392084885,0.13578375,0.28156546
U0112_D4,U0112,0,normal,-0.0587929349163091,0.17929508,0.25575376
U0343_D5,U0343,0,normal,-0.1063914903896403,0.15850364,0.22791468
U0400_D2,U0400,0,normal,-0.0951293312777709,0.12835315,0.22791468
U0098_D17,U0098,0,normal,-0.1254950669448863,0.057253692,0.22791468
U0401_D18,U0401,0,normal,-0.0103564592307911,0.48396546,0.21377696
U0174_D5,U0174,0,normal,0.0675495512718804,0.082460895,0.21377696
U0146_D4,U0146,0,normal,-0.0544192546821989,0.18200704,0.2699893
U0483_D19,U0483,1,new_location,0.2278802081376713,1.9371734,0.28156546
U0306_D17,U0306,0,normal,-0.0559633920089567,0.20729609,0.25575376
U0084_D18,U0084,0,normal,-0.127254458196254,0.05984164,0.22791468
U0455_D20,U0455,1,beneficiary_attack,0.2392907680218998,1.7232537,0.5442336
U0362_D4,U0362,0,normal,-0.0896075237669348,0.13833827,0.21377696
U0390_D7,U0390,0,normal,0.0137470653103098,0.47365892,0.21377696
U0116_D10,U0116,0,normal,-0.0683133469692642,0.08498934,0.22791468
U0575_D5,U0575,0,normal,-0.1398719039707493,0.026429094,0.21377696
U0023_D4,U0023,1,credential_attack,0.1131480749715958,1.5193775,0.78122795
U0358_D19,U0358,0,normal,-0.061457360293456,0.16595852,0.2699893
U0069_D3,U0069,1,new_device,0.1593893654430875,3.036959,0.4589417
U0465_D14,U0465,0,normal,-0.064464377920583,0.20947088,0.2699893
U0099_D18,U0099,0,normal,-0.1277427151464631,0.06308821,0.21377696
U0195_D19,U0195,0,normal,-0.0249368455396922,0.5438476,0.22791468
U0476_D13,U0476,0,normal,0.0623389295065563,0.9692614,0.28156546
U0019_D5,U0019,0,normal,-0.0084184124912112,0.53588426,0.26129663
U0528_D17,U0528,0,normal,-0.1243138953118488,0.080845766,0.21377696
U0303_D13,U0303,0,normal,-0.122516935589802,0.09651903,0.22791468
U0435_D2,U0435,0,normal,0.0419033153521349,0.84795845,0.22661936
U0112_D20,U0112,0,normal,-0.1073803221645683,0.06677252,0.1946163
U0563_D13,U0563,0,normal,0.0630478813076294,0.8224099,0.25575376
U0171_D4,U0171,0,normal,-0.1219194962119342,0.034532156,0.21377696
U0039_D20,U0039,1,velocity_attack,0.1882804123458882,19.037388,0.42935443
U0590_D2,U0590,0,normal,-0.0285617648444956,0.30709636,0.28156546
U0364_D7,U0364,0,normal,-0.0977665618584142,0.20635906,0.22791468
U0130_D14,U0130,1,velocity_attack,0.1701298116862087,16.384495,0.41845408
U0065_D20,U0065,0,normal,-0.0645514199705887,0.16537806,0.2699893
U0181_D14,U0181,0,normal,-0.0670478197226615,0.09346993,0.2699893
U0413_D8,U0413,1,beneficiary_attack,0.2075989901268046,2.8073597,0.5442336
U0335_D15,U0335,1,new_device,0.1686288789362917,3.3169858,0.4589417
U0307_D19,U0307,1,large_transfer,0.2326352915469002,2.4049993,0.2699893
U0579_D4,U0579,0,normal,-0.1248733754998951,0.034130327,0.21377696
U0369_D7,U0369,0,normal,-0.1404369898579321,0.020494945,0.21377696
U0439_D16,U0439,0,normal,-0.0037381088507116,0.1538912,0.28156546
U0348_D12,U0348,0,normal,-0.1039160458814363,0.06643435,0.22661936
U0147_D7,U0147,0,normal,-0.0153725049439393,0.6921599,0.41150656
U0395_D12,U0395,0,normal,-0.1077756794157276,0.092878476,0.21377696
U0230_D5,U0230,0,normal,-0.1044249939744098,0.09711501,0.1946163
U0039_D14,U0039,0,normal,-0.0336296558798295,0.24596238,0.26129663
U0280_D13,U0280,0,normal,0.0646840866426077,0.07486505,0.21377696
U0394_D13,U0394,0,normal,-0.0779774220731003,0.13508707,0.2699893
U0244_D10,U0244,0,normal,-0.0667624886607244,0.13318817,0.25575376
U0047_D6,U0047,0,normal,-0.0636998028797604,0.16044727,0.22661936
U0463_D14,U0463,0,normal,-0.053112189570844,0.21359088,0.2699893
U0173_D2,U0173,0,normal,-0.0868830244067402,0.18871032,0.22791468
U0276_D19,U0276,0,normal,-0.093442677668488,0.20684785,0.22791468
U0265_D1,U0265,1,credential_attack,-0.008986828158927,1.8858157,0.78122795
U0188_D12,U0188,0,normal,-0.0891566526255172,0.12957579,0.22661936
U0368_D17,U0368,0,normal,-0.0597866787586235,0.2292192,0.2699893
U0184_D3,U0184,0,normal,-0.0422883952976773,0.25196198,0.22661936
U0182_D13,U0182,0,normal,-0.0655778774250537,0.15484002,0.2699893
U0146_D10,U0146,0,normal,-0.0926254975497049,0.15547155,0.22791468
U0048_D19,U0048,0,normal,-0.0742499839965819,0.102100514,0.22661936
U0333_D9,U0333,0,normal,0.1695883830658403,0.72365636,0.2699893
U0195_D5,U0195,0,normal,-0.037761847215465,0.16295071,0.22661936
U0183_D2,U0183,0,normal,-0.1101371599705458,0.16761652,0.1946163
U0320_D16,U0320,0,normal,-0.1151414517910663,0.08744195,0.1946163
U0289_D6,U0289,0,normal,0.1343687936092849,0.47905266,0.26129663
U0396_D20,U0396,0,normal,-0.062684531366678,0.09741242,0.2699893
U0056_D7,U0056,0,normal,-0.0556865057385415,0.24264728,0.2699893
U0415_D11,U0415,0,normal,-0.136938067078762,0.0055386988,0.1946163
U0423_D19,U0423,0,normal,-0.1376627211777705,0.028355999,0.21377696
U0202_D9,U0202,0,normal,-0.0479001782127896,0.28780153,0.25575376
U0596_D2,U0596,0,normal,-0.0896319554092623,0.12875806,0.22661936
U0000_D3,U0000,0,normal,0.0609417312081518,1.1214668,0.21377696
U0003_D2,U0003,0,normal,0.0050261612033181,0.18344373,0.28156546
U0523_D1,U0523,0,normal,-0.0881025569729205,0.15291072,0.21377696
U0115_D9,U0115,0,normal,-0.0479642153619497,0.21234624,0.22661936
U0064_D3,U0064,0,normal,-0.0363644142819011,0.2598331,0.28156546
U0468_D15,U0468,0,normal,-0.1302969539677246,0.03667606,0.21377696
U0257_D15,U0257,0,normal,-0.0571003131796071,0.23149411,0.28156546
U0191_D2,U0191,0,normal,-0.1155596841244488,0.07830341,0.22791468
U0190_D10,U0190,0,normal,0.114048214458582,0.27652946,0.25575376
U0234_D7,U0234,0,normal,-0.0834605632923221,0.054954838,0.2699893
U0256_D4,U0256,0,normal,-0.0692843068898394,0.2477107,0.41150656
U0021_D14,U0021,0,normal,0.0775479346696864,1.311636,0.22791468
U0495_D6,U0495,0,normal,-0.0893524218710103,0.13264383,0.22661936
U0565_D9,U0565,0,normal,-0.1234844520841712,0.08788204,0.21377696
U0422_D8,U0422,0,normal,-0.0762838636683886,0.07433016,0.2699893
U0395_D5,U0395,0,normal,-0.0424473452524932,0.31896985,0.28156546
U0403_D12,U0403,0,normal,0.1244335449199984,0.32562527,0.2699893
U0509_D9,U0509,0,normal,-0.0367748339182297,0.37808782,0.28156546
U0399_D15,U0399,0,normal,-0.0798947558684034,0.19985051,0.21377696
U0093_D17,U0093,0,normal,-0.0865084702525628,0.1604172,0.22661936
U0268_D20,U0268,0,normal,-0.0691000296439854,0.21080987,0.1946163
U0199_D1,U0199,1,beneficiary_attack,0.1488048004154329,24.25901,0.5442336
U0254_D13,U0254,1,new_device,0.1505439030030235,1.4070442,0.4589417
U0452_D2,U0452,0,normal,-0.044391129772226,0.26038605,0.2699893
U0259_D11,U0259,0,normal,-0.1332908515091987,0.063683055,0.22791468
U0405_D3,U0405,0,normal,0.0291587240860103,0.72564775,0.41897097
U0568_D3,U0568,0,normal,-0.1342906175982853,0.046171274,0.1946163
U0178_D14,U0178,0,normal,-0.1121691359253725,0.09707453,0.1946163
U0452_D1,U0452,0,normal,-0.0408506329957601,0.2715967,0.25575376
U0386_D6,U0386,0,normal,-0.1226026579875119,0.08310954,0.22791468
U0536_D15,U0536,0,normal,0.0145376091182453,0.16202109,0.28156546
U0411_D12,U0411,0,normal,-0.0512243888916048,0.4358354,0.22791468
U0113_D2,U0113,0,normal,-0.1333985371873338,0.051012527,0.21377696
U0016_D16,U0016,0,normal,-0.0528732344783219,0.24499185,0.2699893
U0015_D8,U0015,0,normal,-0.130826496337773,0.05404085,0.22791468
U0559_D1,U0559,0,normal,-0.0490835775475596,0.23068531,0.1946163
U0495_D16,U0495,0,normal,0.0231508089230454,0.5150965,0.2699893
U0420_D16,U0420,0,normal,-0.1142118831647012,0.14245236,0.21377696
U0341_D15,U0341,0,normal,-0.1006024212421883,0.119899206,0.21377696
U0378_D12,U0378,0,normal,0.1256355793864531,1.3187802,0.28156546
U0156_D17,U0156,1,beneficiary_attack,0.2602585575037353,3.5176601,0.5442336
U0139_D3,U0139,0,normal,-0.1237927573952075,0.013412266,0.21377696
U0584_D1,U0584,0,normal,-0.0693023656758159,0.29696962,0.21377696
U0021_D5,U0021,0,normal,0.1458346870582,0.64823955,0.26129663
U0390_D5,U0390,0,normal,-0.0929981965247413,0.12009132,0.22791468
U0189_D18,U0189,0,normal,-0.1125072015240634,0.13771404,0.21377696
U0428_D19,U0428,0,normal,-0.0651857906208852,0.1584017,0.2699893
U0579_D16,U0579,0,normal,-0.0461048753890455,0.26357818,0.25575376
U0510_D12,U0510,0,normal,-0.1146777131812175,0.07523999,0.1946163
U0052_D8,U0052,0,normal,-0.0917794469646733,0.09805978,0.22661936
U0422_D9,U0422,1,credential_attack,0.1260350691227119,1.6458886,0.78122795
U0271_D14,U0271,0,normal,-0.1029219963147814,0.1388855,0.22791468
U0543_D20,U0543,0,normal,-0.0983388693760272,0.08055553,0.22791468
U0200_D11,U0200,1,composite_ato,0.2605951979074726,74.9273,0.69102186
U0467_D9,U0467,0,normal,-0.1164802143539734,0.061828308,0.21377696
U0242_D12,U0242,0,normal,-0.1052535043714472,0.11659619,0.21377696
U0594_D16,U0594,0,normal,-0.0399834794888049,0.3414442,0.2699893
U0475_D8,U0475,0,normal,-0.0667091783458764,0.108947754,0.22661936
U0070_D17,U0070,0,normal,0.0888515833663921,0.2728036,0.41897097
U0286_D18,U0286,0,normal,-0.0444563615608346,0.36036748,0.2699893
U0491_D13,U0491,0,normal,-0.1334168767616682,0.025942499,0.21377696
U0466_D2,U0466,1,composite_ato,0.2543408445720483,24.30589,0.69102186
U0105_D1,U0105,0,normal,-0.0523583339786923,0.31635606,0.22791468
U0057_D19,U0057,0,normal,-0.1045982680327751,0.10908762,0.21377696
U0564_D1,U0564,0,normal,-0.0661019631055693,0.31081656,0.21377696
U0323_D6,U0323,0,normal,-0.0479271805245691,0.16626365,0.25575376
U0317_D15,U0317,0,normal,-0.1118386879691899,0.16324896,0.22791468
U0240_D17,U0240,1,velocity_attack,0.2282080164403306,27.395283,0.41845408
U0390_D2,U0390,0,normal,-0.0716063052227599,0.14858377,0.22661936
U0109_D13,U0109,0,normal,-0.0908873734196473,0.19862394,0.22791468
U0198_D10,U0198,0,normal,0.1381661105042142,0.6033251,0.2699893
U0128_D16,U0128,0,normal,0.0015950367403896,0.21179967,0.2699893
U0501_D15,U0501,0,normal,-0.0130849584283557,0.44858277,0.21377696
U0000_D18,U0000,0,normal,0.0021455600745231,0.48878014,0.28156546
U0006_D10,U0006,0,normal,-0.0491504790433763,0.20522262,0.28156546
U0251_D12,U0251,0,normal,0.0911705963137603,0.27500245,0.41035748
U0116_D5,U0116,0,normal,-0.0195465192893704,0.046032928,0.25575376
U0050_D14,U0050,0,normal,-0.0929469773746022,0.098969154,0.22791468
U0398_D14,U0398,0,normal,-0.0313327155638222,0.37256816,0.26129663
U0516_D20,U0516,0,normal,0.0778862419470056,0.35742503,0.26129663
U0327_D17,U0327,0,normal,-0.0747150366450723,0.1424856,0.22661936
U0436_D9,U0436,0,normal,-0.0883727168265614,0.25298384,0.22791468
U0071_D9,U0071,0,normal,-0.1337645770598384,0.02362464,0.21377696
U0245_D19,U0245,0,normal,-0.0872105742155539,0.1434811,0.21377696
U0023_D1,U0023,0,normal,-0.0361581263397152,0.29977998,0.2699893
U0314_D3,U0314,0,normal,-0.1236079690868631,0.06725437,0.21377696
U0137_D12,U0137,0,normal,-0.0860302467590504,0.24877614,0.22791468
U0244_D5,U0244,0,normal,-0.1047451707135066,0.11801039,0.22791468
U0006_D6,U0006,1,beneficiary_attack,0.1950700582914414,2.2273803,0.5442336
U0411_D8,U0411,0,normal,-0.0557839522489823,0.24581057,0.21377696
U0130_D2,U0130,0,normal,-0.1056847789465994,0.084898174,0.21377696
U0208_D13,U0208,0,normal,-0.1025831003277227,0.13358828,0.21377696
U0516_D17,U0516,0,normal,-0.0823187946618715,0.15502504,0.22661936
U0477_D6,U0477,0,normal,-0.0543261597768019,0.15494718,0.22661936
U0586_D1,U0586,0,normal,-0.0480535452559098,0.41927612,0.22791468
U0212_D1,U0212,0,normal,-0.0244677510912086,0.37422857,0.2699893
U0119_D7,U0119,0,normal,-0.106396638048081,0.15800686,0.22791468
U0120_D14,U0120,0,normal,-0.1382551241136265,0.030172119,0.21377696
U0280_D12,U0280,1,beneficiary_attack,0.1889048864236254,3.6896117,0.5442336
U0551_D4,U0551,0,normal,-0.082395937671633,0.25479326,0.22791468
U0449_D3,U0449,0,normal,-0.0817217697817304,0.26077116,0.22791468
U0365_D4,U0365,0,normal,0.0323359466914059,0.48652247,0.4030065
U0032_D17,U0032,0,normal,-0.1299390916998262,0.047560055,0.22791468
U0366_D4,U0366,0,normal,-0.058847478535931,0.20153894,0.2699893
U0391_D9,U0391,0,normal,0.0365687166524751,0.9901356,0.26129663
U0585_D13,U0585,0,normal,-0.091328902221691,0.18764,0.1946163
U0409_D10,U0409,0,normal,0.068541473793783,0.095905714,0.21377696
U0451_D20,U0451,0,normal,-0.0092430406894366,0.34642646,0.21377696
U0430_D5,U0430,0,normal,-0.1030065439259859,0.18610187,0.22791468
U0538_D9,U0538,0,normal,0.1147188601606834,0.5645629,0.2699893
U0135_D18,U0135,0,normal,0.0589585339472258,0.22230005,0.26129663
U0326_D4,U0326,0,normal,0.0848023909445021,0.12719974,0.22791468
U0004_D6,U0004,0,normal,-0.1315941921661761,0.025870297,0.21377696
U0014_D18,U0014,0,normal,-0.0078367982226466,0.38923213,0.26129663
U0210_D17,U0210,0,normal,-0.1249171229275269,0.056716,0.1946163
U0329_D4,U0329,1,beneficiary_attack,0.2140141390407449,2.0236204,0.5442336
U0491_D19,U0491,0,normal,-0.0689389353943428,0.15729356,0.40022975
U0272_D1,U0272,0,normal,-0.0143926148261726,0.19094893,0.22661936
U0451_D14,U0451,0,normal,-0.0662261445311008,0.14031988,0.21377696
U0198_D14,U0198,0,normal,-0.1236412116367721,0.089845225,0.21377696
U0472_D20,U0472,0,normal,-0.1220383764703088,0.106476374,0.22791468
U0436_D7,U0436,0,normal,-0.0015001180175493,0.4581747,0.21377696
U0186_D15,U0186,0,normal,-0.0895921595095279,0.1657831,0.21377696
U0043_D10,U0043,0,normal,0.1215152707648437,0.20700924,0.28156546
U0463_D4,U0463,1,credential_attack,0.1348549992373523,1.5753325,0.78122795
U0229_D1,U0229,0,normal,0.0923895276849221,0.49242708,0.2699893
U0542_D4,U0542,0,normal,0.1463124671831831,0.49475574,0.25575376
U0125_D8,U0125,0,normal,-0.0902025815500682,0.23045291,0.22791468
U0327_D14,U0327,0,normal,0.0746290026425623,0.56680435,0.26129663
U0291_D11,U0291,0,normal,0.0857405259021303,0.23608154,0.22791468
U0000_D8,U0000,0,normal,-0.0727783214037745,0.31747046,0.22791468
U0559_D8,U0559,0,normal,0.0883741640415387,0.2834387,0.22791468
U0565_D3,U0565,0,normal,-0.0508867016137674,0.27601495,0.22661936
U0072_D11,U0072,1,velocity_attack,0.2022335854625205,23.374657,0.42935443
U0182_D2,U0182,0,normal,-0.0773716402728565,0.14676264,0.22661936
U0393_D18,U0393,0,normal,-0.006100704176326,0.35557568,0.28156546
U0150_D6,U0150,0,normal,-0.1021354719878696,0.22026853,0.22791468
U0439_D14,U0439,0,normal,0.0303906631716092,0.15918557,0.2699893
U0552_D5,U0552,0,normal,-0.1234319801299094,0.059519555,0.22791468
U0582_D13,U0582,1,composite_ato,0.2642417448408067,5.077606,0.69102186
U0111_D8,U0111,0,normal,-0.0858278191444738,0.26473856,0.22791468
U0518_D7,U0518,0,normal,-0.0744830154195536,0.12829807,0.22661936
U0537_D8,U0537,0,normal,-0.0310406090140613,0.33186463,0.28156546
U0336_D15,U0336,0,normal,-0.0517071578637551,0.23675953,0.22661936
U0188_D6,U0188,0,normal,-0.0430705844777928,0.27402687,0.25575376
U0149_D7,U0149,0,normal,0.1182751261188125,0.6567814,0.21377696
U0291_D9,U0291,0,normal,-0.0141379274031907,0.4437886,0.26129663
U0591_D4,U0591,0,normal,-0.0589571312003195,0.18986088,0.4030065
U0579_D17,U0579,0,normal,-0.0541812123273781,0.20430776,0.25575376
U0180_D16,U0180,0,normal,-0.1046046479753093,0.10465371,0.21377696
U0188_D4,U0188,0,normal,-0.1335518825709777,0.06263325,0.22791468
U0176_D8,U0176,0,normal,-0.0897935168452626,0.11944278,0.22661936
U0142_D10,U0142,0,normal,-0.0989778403003713,0.13261035,0.41035748
U0042_D18,U0042,0,normal,0.0528132080081777,0.6635087,0.2699893
U0532_D10,U0532,1,beneficiary_attack,0.1813155399593814,3.770006,0.5442336
U0021_D17,U0021,0,normal,-0.1251254902908476,0.08174667,0.22791468
U0592_D4,U0592,0,normal,-0.051691279119883,0.05166165,0.25575376
U0513_D7,U0513,0,normal,-0.080159949956014,0.18640047,0.22661936
U0036_D10,U0036,0,normal,-0.105539774086677,0.13650924,0.3965624
U0167_D16,U0167,0,normal,-0.0361230544645948,0.2606187,0.26129663
U0202_D4,U0202,0,normal,-0.0558545386445516,0.093200356,0.21377696
U0478_D14,U0478,0,normal,-0.0846708790562801,0.0806408,0.41035748
U0360_D12,U0360,0,normal,-0.1046339073244585,0.11620273,0.21377696
U0350_D16,U0350,0,normal,0.0835260041995603,0.25997666,0.22791468
U0204_D13,U0204,0,normal,-0.117551555633153,0.13670519,0.22791468
U0289_D20,U0289,1,velocity_attack,0.2291966737356496,34.24502,0.42935443
U0186_D14,U0186,0,normal,-0.1064740195787089,0.10377369,0.1946163
U0144_D13,U0144,0,normal,-0.1344691557394745,0.048868403,0.21377696
U0378_D13,U0378,0,normal,-0.1259389709614458,0.028730005,0.21377696
U0026_D9,U0026,0,normal,-0.0333747183216451,0.22386724,0.2699893
U0054_D2,U0054,0,normal,-0.0715311601613331,0.11967635,0.2699893
U0326_D17,U0326,0,normal,-0.0576710668041918,0.1425403,0.2699893
U0037_D15,U0037,0,normal,-0.0970126538338867,0.11373818,0.22661936
U0058_D16,U0058,0,normal,-0.1306252046285129,0.03550305,0.21377696
U0576_D8,U0576,0,normal,-0.1370588961857317,0.009809665,0.21377696
U0029_D10,U0029,0,normal,-0.09651536152942,0.10752034,0.41658178
U0322_D7,U0322,0,normal,-0.0684672085776463,0.1908632,0.22791468
U0213_D3,U0213,0,normal,0.1374007425843638,0.39366642,0.41897097
U0347_D7,U0347,0,normal,-0.0672949280386068,0.086789586,0.25575376
U0520_D15,U0520,0,normal,-0.1238970056063553,0.106809326,0.21377696
U0148_D14,U0148,0,normal,-0.1101444920108609,0.14126593,0.22791468
U0014_D5,U0014,0,normal,-0.1395640305250884,0.018628227,0.21377696
U0113_D14,U0113,0,normal,-0.0202495043707742,0.015849926,0.25575376
U0472_D16,U0472,0,normal,-0.124493093609288,0.07284193,0.22791468
U0053_D9,U0053,0,normal,-0.0751426653827946,0.08463273,0.21377696
U0464_D13,U0464,0,normal,-0.1210479979560847,0.046794787,0.21377696
U0196_D9,U0196,1,credential_attack,0.1100212085762235,1.4925472,0.78122795
U0294_D7,U0294,0,normal,-0.122616062750179,0.100996576,0.22791468
U0229_D13,U0229,0,normal,-0.1256817653876848,0.088727154,0.1946163
U0245_D16,U0245,0,normal,-0.0649401400809548,0.271439,0.21377696
U0499_D12,U0499,0,normal,-0.1035893348682044,0.18682683,0.1946163
U0558_D6,U0558,0,normal,-0.0494726269567519,0.17456776,0.22661936
U0245_D10,U0245,0,normal,-0.1016348215018691,0.12123699,0.1946163
U0556_D9,U0556,0,normal,-0.1172385766023535,0.11521174,0.22791468
U0316_D17,U0316,0,normal,-0.084712240698997,0.25681666,0.22791468
U0494_D3,U0494,0,normal,-0.037393975488908,0.22508162,0.21377696
U0487_D11,U0487,0,normal,-0.0971607907776675,0.16775976,0.21377696
U0383_D2,U0383,1,large_transfer,0.2324358208596194,10.425732,0.2699893
U0006_D9,U0006,0,normal,-0.0594412271441683,0.18078694,0.28156546
U0247_D15,U0247,0,normal,0.1497846199091177,0.9366347,0.25575376
U0250_D5,U0250,0,normal,-0.1224903835538651,0.0494705,0.21377696
U0367_D2,U0367,1,new_device,0.2015421002987506,2.7666698,0.4589417
U0394_D16,U0394,1,beneficiary_attack,0.2227352341468678,14.154363,0.5442336
U0324_D2,U0324,0,normal,-0.0962528733907896,0.19334197,0.22791468
U0034_D11,U0034,0,normal,0.0524204003651247,4.629195,0.26129663
U0334_D4,U0334,0,normal,0.0794969520853569,0.897119,0.41150656
U0285_D3,U0285,0,normal,-0.1293518523417802,0.058040395,0.21377696
U0218_D13,U0218,0,normal,-0.1170286100264589,0.15526272,0.1946163
U0122_D20,U0122,0,normal,0.0161400169434091,0.63497144,0.21377696
U0016_D11,U0016,0,normal,-0.0466281753217167,0.24628162,0.2699893
U0560_D14,U0560,1,credential_attack,0.1285231028238553,1.6385062,0.78122795
U0443_D12,U0443,0,normal,-0.0567549472299225,0.33764875,0.22791468
U0303_D16,U0303,0,normal,-0.0962474445223808,0.19557637,0.22791468
U0074_D6,U0074,0,normal,0.0769930152294159,0.09361863,0.21377696
U0055_D10,U0055,0,normal,-0.1170290915020118,0.109095976,0.21377696
U0007_D14,U0007,0,normal,-0.0274468002392069,0.39831913,0.28156546
U0589_D13,U0589,0,normal,-0.0393249363559916,0.24389744,0.26129663
U0194_D12,U0194,0,normal,-0.1196079694503363,0.07806194,0.22791468
U0260_D17,U0260,0,normal,0.0381541903374201,0.9181745,0.22791468
U0159_D3,U0159,0,normal,-0.0322862191015868,0.2665362,0.26129663
U0415_D4,U0415,0,normal,-0.113596229481474,0.10441389,0.21377696
U0279_D14,U0279,0,normal,-0.1311793805613326,0.04444915,0.1946163
U0153_D17,U0153,0,normal,-0.0179211488206558,0.1659682,0.28156546
U0416_D1,U0416,0,normal,-0.0190775331430593,0.2187122,0.22661936
U0266_D17,U0266,0,normal,-0.1003684493462941,0.1289854,0.22791468
U0501_D12,U0501,0,normal,0.0019948610143836,0.529289,0.26129663
U0590_D15,U0590,0,normal,-0.0754813579835766,0.21953315,0.22791468
U0200_D18,U0200,0,normal,-0.069700653626114,0.1409334,0.2699893
U0489_D17,U0489,0,normal,-0.0718536863170471,0.08949509,0.2699893
U0475_D18,U0475,0,normal,0.0385784350054482,0.29791793,0.2699893
U0500_D2,U0500,1,new_location,0.1414856810345273,6.221442,0.28156546
U0504_D11,U0504,0,normal,-0.1114748130360805,0.10031285,0.21377696
U0319_D6,U0319,0,normal,-0.1258322284703991,0.06270203,0.22791468
U0003_D3,U0003,0,normal,-0.1078696534645417,0.06290888,0.1946163
U0073_D12,U0073,0,normal,-0.0054532105432792,0.5120918,0.40022975
U0241_D19,U0241,0,normal,0.0156233278973276,0.5917108,0.22791468
U0372_D2,U0372,0,normal,-0.0938531687291195,0.14186014,0.21377696
U0423_D10,U0423,0,normal,0.1283972250117243,0.2092105,0.28156546
U0124_D3,U0124,0,normal,-0.0732548209444437,0.17911486,0.22661936
U0298_D13,U0298,0,normal,0.005612697675939,0.67309296,0.21377696
U0111_D20,U0111,0,normal,-0.1200732830745374,0.14099221,0.22791468
U0237_D2,U0237,1,large_transfer,0.232358916647746,5.575373,0.2699893
U0074_D13,U0074,1,new_device,0.1030426030383833,1.2481391,0.4589417
U0488_D14,U0488,1,large_transfer,0.2324736026968232,4.5082116,0.2699893
U0360_D7,U0360,0,normal,-0.1257985901340815,0.10932758,0.21377696
U0591_D14,U0591,0,normal,-0.0816300251969489,0.056250557,0.22661936
U0478_D8,U0478,0,normal,-0.1322279298685519,0.022560706,0.21377696
U0460_D10,U0460,0,normal,-0.1164761703094584,0.0597128,0.1946163
U0549_D17,U0549,0,normal,-0.0334903899066134,0.27567884,0.26129663
U0262_D9,U0262,0,normal,-0.1080137418124385,0.17878225,0.1946163
U0278_D6,U0278,0,normal,0.0358153714199267,0.5876729,0.28156546
U0284_D3,U0284,1,new_location,0.1357033666572362,2.1639109,0.28156546
U0094_D20,U0094,0,normal,-0.1072267871897927,0.15903346,0.22791468
U0276_D12,U0276,0,normal,-0.1254288029212955,0.05924998,0.41035748
U0046_D13,U0046,0,normal,-0.0967386231536206,0.07626674,0.22661936
U0555_D16,U0555,0,normal,-0.1131828986251591,0.14098535,0.22791468
U0203_D3,U0203,0,normal,-0.1116917477957281,0.054738462,0.21377696
U0039_D4,U0039,0,normal,-0.1324403589075892,0.049261235,0.22791468
U0192_D7,U0192,0,normal,-0.123072806195866,0.09509696,0.1946163
U0228_D6,U0228,0,normal,-0.0873419231756,0.1601792,0.22791468
U0146_D2,U0146,0,normal,-0.0659765730219949,0.11060253,0.22661936
U0254_D10,U0254,0,normal,0.0249601324546825,0.77497494,0.22661936
U0045_D3,U0045,0,normal,0.0029130387555947,0.08926933,0.28156546
U0367_D17,U0367,0,normal,-0.1207033351443031,0.07794946,0.21377696
U0464_D4,U0464,0,normal,-0.0313451608140495,0.33184788,0.22661936
U0238_D6,U0238,0,normal,-0.120653303696894,0.082485974,0.22791468
U0499_D2,U0499,0,normal,-0.0470198501601252,0.15144703,0.2699893
U0573_D5,U0573,0,normal,-0.0626732686172021,0.25325826,0.41150656
U0506_D12,U0506,0,normal,-0.094711022979846,0.115790896,0.22791468
U0034_D13,U0034,0,normal,-0.0202489553111069,0.20599258,0.28156546
U0231_D8,U0231,0,normal,-0.1274497058169161,0.055947643,0.22791468
U0402_D16,U0402,0,normal,-0.0118260352443417,0.5229647,0.2699893
U0209_D9,U0209,0,normal,0.0822564610342023,0.1438906,0.22791468
U0092_D12,U0092,0,normal,-0.0147088177024015,0.5251665,0.41150656
U0428_D13,U0428,1,new_location,0.1469004154195935,4.516627,0.28156546
U0242_D17,U0242,0,normal,-0.043127290479471,0.26062077,0.28156546
U0158_D20,U0158,0,normal,0.002936565474807,0.18735054,0.28156546
U0057_D9,U0057,0,normal,-0.0652369176054086,0.20146018,0.22661936
U0472_D18,U0472,0,normal,-0.0820334431091587,0.24330002,0.1946163
U0477_D17,U0477,0,normal,-0.1254656663656798,0.08894397,0.21377696
U0434_D8,U0434,0,normal,-0.1281433748877024,0.072776,0.22791468
U0526_D20,U0526,0,normal,-0.0481389241623697,0.17959647,0.26129663
U0125_D12,U0125,0,normal,0.0106146484327452,0.4786793,0.28156546
U0150_D11,U0150,0,normal,-0.0924332773826907,0.12508911,0.22661936
U0334_D5,U0334,1,velocity_attack,0.2085581130017957,17.86332,0.42935443
U0580_D10,U0580,0,normal,-0.1288043401344923,0.05602553,0.21377696
U0053_D3,U0053,0,normal,-0.1301093307911763,0.011155329,0.21377696
U0033_D20,U0033,1,credential_attack,0.1246920486143392,1.6558845,0.78122795
U0242_D9,U0242,0,normal,-0.0741234058233799,0.08935192,0.2699893
U0327_D10,U0327,0,normal,-0.0411547914784318,0.16558167,0.2699893
U0043_D13,U0043,1,large_transfer,0.2304604386141847,5.373775,0.2699893
U0240_D2,U0240,0,normal,-0.0045139333113139,0.5060494,0.3965624
U0407_D6,U0407,0,normal,-0.1042409155071134,0.18553954,0.22791468
U0438_D12,U0438,0,normal,-0.1366246052544598,0.042168558,0.21377696
U0345_D16,U0345,0,normal,0.0199665144890283,0.19725639,0.2699893
U0203_D2,U0203,0,normal,-0.0621168958264324,0.10035776,0.2699893
U0470_D13,U0470,0,normal,-0.0938455663129773,0.21339631,0.22791468
U0211_D8,U0211,0,normal,0.0877839880308006,0.36758688,0.3965624
U0437_D19,U0437,0,normal,-0.0407480949045533,0.19928247,0.26129663
U0159_D9,U0159,0,normal,-0.1261018909696839,0.081687585,0.1946163
U0112_D7,U0112,0,normal,0.1312282226311512,0.62991273,0.40022975
U0483_D1,U0483,0,normal,0.0464076453148115,0.46869102,0.28156546
U0536_D3,U0536,0,normal,-0.0118307159654613,0.4176917,0.28156546
U0280_D8,U0280,0,normal,-0.0719250486136917,0.20486234,0.22791468
U0379_D3,U0379,0,normal,-0.0121176064243224,0.118669,0.2699893
U0397_D11,U0397,0,normal,0.0170968591453051,0.25577325,0.25575376
U0549_D19,U0549,1,new_device,0.1956960453242348,2.310426,0.4589417
U0128_D19,U0128,0,normal,-0.0829286332324473,0.07215087,0.22661936
U0520_D2,U0520,0,normal,-0.0388355159262073,0.28155053,0.2699893
U0468_D7,U0468,0,normal,-0.1221982667968673,0.070357606,0.1946163
U0525_D20,U0525,0,normal,-0.0711088188073116,0.23612393,0.22661936
U0111_D2,U0111,0,normal,0.0463545475511286,0.5981275,0.41897097
U0520_D16,U0520,0,normal,-0.1186287129107212,0.104189135,0.1946163
U0027_D11,U0027,0,normal,-0.1088356157469659,0.08480671,0.22791468
U0451_D13,U0451,0,normal,0.1114315607837059,0.54234195,0.1946163
U0485_D2,U0485,0,normal,0.157751339803758,0.44394636,0.28156546
U0249_D2,U0249,0,normal,-0.1140849917929924,0.098645724,0.1946163
U0521_D4,U0521,0,normal,-0.1061969691544199,0.10197519,0.21377696
U0193_D1,U0193,0,normal,-0.0540400698084166,0.232881,0.21377696
U0113_D4,U0113,0,normal,-0.0675103655996705,0.21383256,0.21377696
U0599_D1,U0599,0,normal,0.1546334643340737,0.80909866,0.2699893
U0462_D2,U0462,1,beneficiary_attack,0.2151499245883125,2.0185368,0.5442336
U0538_D5,U0538,0,normal,-0.0655467686004194,0.13662471,0.22791468
U0073_D11,U0073,0,normal,-0.1152703770873756,0.11202969,0.21377696
U0182_D7,U0182,1,new_device,0.114086538813807,1.5315729,0.4589417
U0319_D11,U0319,1,velocity_attack,0.1916200865753963,21.942366,0.42935443
U0470_D16,U0470,1,new_location,0.1211747396506188,2.4763646,0.28156546
U0153_D10,U0153,0,normal,-0.0779728757330924,0.10470046,0.22791468
U0595_D20,U0595,0,normal,-0.1186142583529932,0.100341804,0.41658178
U0101_D11,U0101,0,normal,-0.1124406058766159,0.09176836,0.21377696
U0254_D15,U0254,0,normal,-0.0960885431038143,0.12120741,0.22661936
U0042_D12,U0042,0,normal,-0.0159571205215698,0.42696807,0.28156546
U0392_D18,U0392,0,normal,-0.0172451369000861,0.38866833,0.2699893
U0475_D9,U0475,0,normal,-0.0438021990104331,0.36162153,0.41150656
U0526_D16,U0526,0,normal,0.0033086246696905,0.67079806,0.21377696
U0454_D5,U0454,0,normal,-0.1385796150161934,0.034270648,0.1946163
U0136_D15,U0136,0,normal,-0.0414232354031214,0.25316826,0.28156546
U0207_D7,U0207,0,normal,-0.0968448090635332,0.18343738,0.22791468
U0076_D4,U0076,0,normal,0.0154745370092194,0.8104507,0.22791468
U0543_D1,U0543,1,beneficiary_attack,0.1592519911877749,3.5329735,0.5442336
U0063_D18,U0063,1,beneficiary_attack,0.195872648083843,1.7224066,0.5442336
U0298_D3,U0298,0,normal,0.0728488206885165,0.09924747,0.1946163
U0310_D2,U0310,0,normal,0.0271453663720003,0.467993,0.41897097
U0501_D18,U0501,0,normal,-0.0695446356369686,0.17326686,0.22661936
U0315_D2,U0315,0,normal,0.049557351837174,0.068374805,0.2699893
U0556_D5,U0556,0,normal,0.0548474654150837,0.3073426,0.2699893
U0242_D10,U0242,0,normal,-0.0324595789494646,0.17093687,0.26129663
U0408_D4,U0408,0,normal,-0.1103485697327996,0.11004907,0.21377696
U0480_D4,U0480,0,normal,0.0492007753053699,0.8044433,0.25575376
U0597_D14,U0597,0,normal,-0.1172624182444035,0.110151745,0.22791468
U0168_D10,U0168,0,normal,0.0107380479354822,0.23239554,0.2699893
U0198_D18,U0198,0,normal,0.0774494511786378,0.14725313,0.21377696
U0030_D11,U0030,0,normal,-0.1268499101173978,0.05125857,0.21377696
U0091_D6,U0091,0,normal,0.1537178473603988,0.78393626,0.26129663
U0162_D5,U0162,0,normal,-0.1239801670726122,0.062301014,0.41035748
U0230_D20,U0230,0,normal,0.0214676775713106,0.2803642,0.28156546
U0304_D16,U0304,0,normal,-0.1109453649460279,0.01882387,0.21377696
U0220_D11,U0220,0,normal,-0.0771693675066575,0.1361008,0.22791468
U0565_D4,U0565,0,normal,-0.0538484222949371,0.14701433,0.22661936
U0362_D19,U0362,0,normal,-0.0564298224573067,0.18612522,0.25575376
U0196_D18,U0196,0,normal,-0.1223340485950998,0.058141455,0.21377696
U0578_D5,U0578,0,normal,-0.0401038105793954,0.2240027,0.21377696
U0212_D16,U0212,0,normal,0.0822792277526632,0.13682568,0.21377696
U0330_D5,U0330,0,normal,-0.0584353480768845,0.1039861,0.22661936
U0270_D1,U0270,0,normal,-0.0840692628998398,0.15984647,0.21377696
U0187_D18,U0187,1,velocity_attack,0.1150812123025488,15.3719635,0.40494108
U0016_D2,U0016,0,normal,-0.1282196481263094,0.025272645,0.21377696
U0559_D20,U0559,0,normal,-0.0167747434177877,0.25814757,0.28156546
U0036_D2,U0036,0,normal,-0.026330761191761,0.19842273,0.26129663
U0280_D1,U0280,0,normal,-0.011231335730908,0.42422542,0.26129663
U0448_D1,U0448,0,normal,-0.0513727974206953,0.41232127,0.22791468
U0441_D15,U0441,0,normal,-0.0880108423818852,0.21843201,0.22791468
U0585_D18,U0585,0,normal,-0.1251350803069126,0.0779296,0.21377696
U0403_D15,U0403,1,velocity_attack,0.2007285942351498,15.58803,0.40494108
U0467_D20,U0467,0,normal,-0.0530709783538126,0.18963742,0.2699893
U0247_D5,U0247,1,composite_ato,0.2646075713554614,5.055517,0.69102186
U0461_D4,U0461,0,normal,-0.1302460666923783,0.07522663,0.21377696
U0444_D4,U0444,0,normal,-0.0995313007005936,0.17148688,0.22791468
U0298_D11,U0298,0,normal,-0.0513391272245253,0.21271463,0.28156546
U0311_D19,U0311,0,normal,-0.1102103482239211,0.10116611,0.22791468
U0334_D18,U0334,0,normal,-0.0464211232284275,0.17319173,0.26129663
U0277_D10,U0277,0,normal,-0.1172588343368218,0.118011564,0.22791468
U0002_D4,U0002,0,normal,-0.0977260519656036,0.10940752,0.22791468
U0115_D10,U0115,0,normal,0.1792750647178541,0.71679515,0.2699893
U0422_D1,U0422,0,normal,-0.0870513067687896,0.17555192,0.21377696
U0161_D11,U0161,0,normal,-0.1049307988864458,0.16185215,0.22791468
U0083_D12,U0083,0,normal,-0.0048222438615669,0.9652797,0.25575376
U0283_D7,U0283,0,normal,0.0803326992699773,0.2103947,0.25575376
U0484_D8,U0484,0,normal,-0.1047473559015575,0.1369925,0.22791468
U0342_D2,U0342,0,normal,0.0046938872615739,0.52504057,0.26129663
U0495_D9,U0495,1,credential_attack,0.1227528642820072,1.6502506,0.78122795
U0172_D19,U0172,0,normal,-0.0479167853952604,0.24757443,0.28156546
U0008_D5,U0008,0,normal,-0.0717952617517735,0.31179985,0.22791468
U0081_D17,U0081,1,large_transfer,0.2321478473618587,6.0425806,0.2699893
U0000_D12,U0000,0,normal,-0.0754637961353978,0.19334549,0.1946163
U0225_D10,U0225,0,normal,-0.0442938004002678,0.22347447,0.2699893
U0284_D4,U0284,0,normal,0.0034714435712644,0.7200201,0.21377696
U0574_D4,U0574,0,normal,-0.0439442103749271,0.24312475,0.41057152
U0480_D20,U0480,1,new_location,0.1474914363084921,2.500046,0.28156546
U0351_D5,U0351,0,normal,-0.0447267684055801,0.11226099,0.28156546
U0532_D19,U0532,0,normal,0.0840376618975263,0.15347464,0.1946163
U0158_D5,U0158,0,normal,0.0064953047079647,0.20171732,0.25575376
U0163_D6,U0163,0,normal,-0.1341158857032098,0.030320905,0.1946163
U0502_D2,U0502,0,normal,-0.1187496033728421,0.105806224,0.21377696
U0195_D15,U0195,0,normal,-0.0172494114355089,0.2617376,0.22791468
U0500_D15,U0500,0,normal,-0.0399137175187578,0.38998002,0.41150656
U0181_D17,U0181,0,normal,-0.1291861611411808,0.07540094,0.22791468
U0361_D9,U0361,0,normal,-0.0801248138143864,0.12356559,0.21377696
U0316_D12,U0316,0,normal,-0.10250958128384,0.054934107,0.22661936
U0045_D7,U0045,0,normal,-0.0634330360119243,0.3469804,0.22791468
U0305_D5,U0305,0,normal,-0.1096187207483071,0.14270163,0.22791468
U0443_D15,U0443,0,normal,-0.0830991345414969,0.11546057,0.22791468
U0400_D18,U0400,0,normal,0.0197790486890485,0.25562435,0.2699893
U0343_D15,U0343,0,normal,-0.0622318805133099,0.11455933,0.25575376
U0514_D5,U0514,0,normal,-0.113846794927665,0.069255896,0.1946163
U0141_D19,U0141,0,normal,0.0852205586954059,0.15846427,0.40022975
U0391_D20,U0391,1,new_location,0.1215160080238374,2.607993,0.28156546
U0132_D2,U0132,0,normal,-0.1150473683389782,0.13170105,0.22791468
U0559_D6,U0559,0,normal,-0.0602670229496387,0.06872811,0.1946163
U0271_D18,U0271,0,normal,-0.0226036767830983,0.3212003,0.2699893
U0265_D5,U0265,0,normal,-0.1040567447066239,0.09624563,0.22661936
U0406_D9,U0406,0,normal,-0.0554257082479083,0.14758576,0.2699893
U0397_D6,U0397,0,normal,-0.0357134356286263,0.18963416,0.2699893
U0580_D18,U0580,0,normal,-0.1236697442707411,0.06499893,0.22791468
U0129_D17,U0129,0,normal,0.0465296036463955,0.6705816,0.2699893
U0428_D17,U0428,0,normal,-0.0127331519709439,0.5041171,0.1946163
U0312_D14,U0312,0,normal,-0.0945557308182997,0.18713576,0.22791468
U0042_D1,U0042,0,normal,-0.0922836129925656,0.13924569,0.21377696
U0394_D9,U0394,0,normal,-0.1190755409693871,0.097300515,0.22791468
U0290_D2,U0290,0,normal,-0.0226126066934264,0.4112367,0.26129663
U0541_D4,U0541,0,normal,-0.0712839450352582,0.14290124,0.22661936
U0211_D19,U0211,0,normal,-0.0668682122787565,0.13625084,0.2699893
U0274_D1,U0274,0,normal,-0.0779626718614434,0.18628585,0.1946163
U0378_D6,U0378,1,credential_attack,0.1223604432206942,1.6426476,0.78122795
U0029_D17,U0029,0,normal,-0.035270171538209,0.32910627,0.2699893
U0308_D15,U0308,0,normal,-0.0060968383870577,0.1727359,0.26129663
U0339_D9,U0339,0,normal,-0.1099883507367676,0.13971457,0.21377696
U0501_D4,U0501,1,composite_ato,0.2541399505061238,5.1804733,0.69102186
U0127_D7,U0127,1,composite_ato,0.2644709055112012,11.275481,0.69102186
U0452_D9,U0452,0,normal,-0.1127599885974064,0.12474399,0.22791468
U0100_D3,U0100,0,normal,0.0095554036537996,0.15130521,0.28156546
U0070_D2,U0070,0,normal,-0.1097289254325055,0.1493953,0.22791468
U0068_D13,U0068,0,normal,-0.0218717292211636,0.36723772,0.28156546
U0548_D5,U0548,0,normal,-0.112748985944771,0.091432124,0.1946163
U0560_D15,U0560,0,normal,0.0727422990849452,0.10316341,0.1946163
U0505_D12,U0505,0,normal,0.0222844582971981,0.78823805,0.22661936
U0112_D10,U0112,0,normal,0.1091773398058479,0.08776215,0.2699893
U0281_D19,U0281,0,normal,-0.0596582176556216,0.17392653,0.41057152
U0328_D4,U0328,0,normal,-0.1024110936482367,0.13362223,0.22791468
U0484_D15,U0484,0,normal,-0.1086978754819494,0.10559463,0.21377696
U0037_D16,U0037,0,normal,-0.124876007855293,0.06096208,0.3965624
U0393_D5,U0393,0,normal,-0.1130078908170745,0.08315876,0.21377696
U0471_D5,U0471,0,normal,-0.1198116690191432,0.0931516,0.22791468
U0533_D20,U0533,0,normal,-0.065418223124531,0.12490257,0.22661936
U0161_D16,U0161,0,normal,0.1947480465812533,1.5119585,0.28156546
U0476_D4,U0476,0,normal,-0.0855486274380514,0.13471204,0.22791468
U0201_D14,U0201,0,normal,-0.0858878597999824,0.17642617,0.22661936
U0597_D8,U0597,0,normal,-0.0059452156437636,0.7249944,0.28156546
U0296_D18,U0296,0,normal,-0.1264911344629909,0.06419123,0.22791468
U0198_D7,U0198,0,normal,-0.0280177666849198,0.38385507,0.26129663
U0032_D10,U0032,0,normal,-0.1163935611878578,0.10677699,0.3965624
U0459_D6,U0459,0,normal,-0.1347912024365827,0.043198638,0.1946163
U0391_D13,U0391,0,normal,-0.1225374158718846,0.106738746,0.21377696
U0111_D9,U0111,0,normal,-0.0570895439180998,0.09347144,0.25575376
U0472_D5,U0472,0,normal,-0.1254077746188432,0.04451638,0.21377696
U0483_D20,U0483,0,normal,0.1172924780380441,0.9088123,0.28156546
U0261_D19,U0261,0,normal,0.0048136346231566,0.8499242,0.26129663
U0080_D9,U0080,0,normal,-0.1224153084713254,0.109936245,0.21377696
U0028_D13,U0028,0,normal,-0.1175644823962016,0.13050307,0.1946163
U0443_D7,U0443,1,credential_attack,0.1497135306357014,1.7951884,0.78122795
U0290_D4,U0290,0,normal,-0.1155636527463715,0.13737445,0.21377696
U0472_D2,U0472,1,beneficiary_attack,0.1989328757679795,3.5348403,0.5442336
U0492_D13,U0492,0,normal,-0.0102565606445408,0.48690164,0.21377696
U0150_D3,U0150,0,normal,-0.1121080191629443,0.06999267,0.1946163
U0281_D4,U0281,0,normal,-0.1107843813254697,0.109592855,0.22791468
U0432_D10,U0432,0,normal,-0.0115502691567511,0.033269424,0.2699893
U0506_D9,U0506,0,normal,0.1083177103428757,0.22105344,0.25575376
U0104_D5,U0104,0,normal,-0.0532548686593589,0.21408309,0.28156546
U0384_D16,U0384,0,normal,-0.1244263154578636,0.036797296,0.21377696
U0278_D12,U0278,0,normal,-0.0792174944568343,0.2904562,0.22791468
U0161_D15,U0161,1,new_location,0.2563751322759471,1.5762997,0.28156546
U0468_D18,U0468,0,normal,0.0522918758198194,0.7630858,0.28156546
U0269_D16,U0269,0,normal,-0.1077193825862524,0.13278742,0.22791468
U0303_D17,U0303,0,normal,-0.0492896026481076,0.303913,0.22791468
U0133_D6,U0133,0,normal,-0.1127220880611032,0.050910927,0.22791468
U0408_D15,U0408,0,normal,0.0444996820599562,0.21867324,0.2699893
U0230_D11,U0230,0,normal,-0.0294944886542954,0.2654489,0.2699893
U0440_D20,U0440,1,composite_ato,0.2569015520332404,20.453981,0.69102186
U0206_D16,U0206,0,normal,-0.0076916694677517,0.42796004,0.41150656
U0439_D19,U0439,0,normal,-0.115159693207286,0.066848174,0.22791468
U0076_D8,U0076,0,normal,-0.13783866178077,0.013915858,0.21377696
U0283_D9,U0283,0,normal,0.093877815676363,0.30383337,0.2699893
U0300_D5,U0300,0,normal,0.0029986729284723,0.73050904,0.21377696
U0210_D12,U0210,0,normal,-0.0856051341316656,0.19195573,0.41035748
U0518_D4,U0518,0,normal,-0.0295478024948868,0.33760294,0.28156546
U0346_D8,U0346,0,normal,-0.1272442267949711,0.024258597,0.21377696
U0027_D9,U0027,0,normal,-0.1152268519704705,0.12096146,0.21377696
U0071_D16,U0071,0,normal,-0.0208749273234726,0.18269378,0.26129663
U0459_D15,U0459,0,normal,-0.0021179280294328,0.33397016,0.2699893
U0100_D10,U0100,1,new_location,0.1386563305001054,1.44199,0.28156546
U0449_D20,U0449,0,normal,0.1258517948757752,0.78208,0.26129663
U0299_D9,U0299,0,normal,-0.1207268338769846,0.09954889,0.21377696
U0233_D1,U0233,0,normal,-0.0722228617292146,0.19279745,0.21377696
U0333_D4,U0333,1,velocity_attack,0.2462219884426528,17.31677,0.38790223
U0472_D11,U0472,0,normal,-0.1038063632139859,0.089614645,0.21377696
U0551_D7,U0551,0,normal,-0.1085339390857083,0.071818545,0.22791468
U0353_D15,U0353,0,normal,-0.0554552234594769,0.38035268,0.41150656
U0450_D5,U0450,0,normal,-0.1316045227799759,0.056198385,0.1946163
U0205_D3,U0205,0,normal,-0.0451459722500149,0.15761644,0.26129663
U0140_D1,U0140,0,normal,-0.0877553685861265,0.16076535,0.41658178
U0565_D19,U0565,0,normal,-0.0685450832578056,0.15844029,0.22661936
U0567_D20,U0567,0,normal,-0.0159740337530427,0.51772726,0.22791468
U0506_D7,U0506,1,velocity_attack,0.1796215071852007,28.18917,0.41845408
U0051_D8,U0051,0,normal,-0.1011984611893956,0.1881755,0.22791468
U0115_D16,U0115,1,new_location,0.1956131025048567,1.2325518,0.28156546
U0241_D1,U0241,0,normal,-0.0358879820500382,0.29255533,0.2699893
U0226_D14,U0226,0,normal,-0.0792518288803096,0.16333888,0.1946163
U0347_D2,U0347,0,normal,-0.1161276403756122,0.13167888,0.1946163
U0497_D6,U0497,0,normal,-0.1036947070320505,0.15427256,0.22791468
U0008_D11,U0008,0,normal,0.0748353237321214,0.56164867,0.26129663
U0405_D8,U0405,0,normal,0.0138350870239363,1.1195341,0.26129663
U0496_D10,U0496,0,normal,-0.1362331738527962,0.036684547,0.21377696
U0525_D18,U0525,0,normal,-0.078247890155592,0.28042075,0.22791468
U0268_D19,U0268,0,normal,-0.1180783666309235,0.08031568,0.22791468
U0301_D20,U0301,1,new_device,0.118584116380998,1.8634897,0.4589417
U0102_D11,U0102,1,velocity_attack,0.2042625903122071,20.522196,0.41845408
U0450_D20,U0450,0,normal,-0.1325327703421998,0.06397119,0.21377696
U0115_D18,U0115,0,normal,-0.0674065558620629,0.22454892,0.21377696
U0352_D5,U0352,0,normal,-0.091961154035677,0.12293296,0.1946163
U0052_D9,U0052,0,normal,-0.1251916431157638,0.055988867,0.41035748
U0021_D2,U0021,1,new_location,0.1540693138616989,1.3753823,0.28156546
U0542_D10,U0542,0,normal,-0.0130541237689424,0.039999474,0.25575376
U0539_D3,U0539,0,normal,-0.1306419021185093,0.049862765,0.21377696
U0030_D12,U0030,0,normal,-0.1021276628533057,0.17540565,0.21377696
U0499_D19,U0499,0,normal,-0.124081896673222,0.106672615,0.21377696
U0570_D12,U0570,0,normal,0.056317414852489,1.04263,0.26129663
U0437_D5,U0437,0,normal,-0.0958301210998622,0.12991092,0.22791468
U0452_D4,U0452,0,normal,-0.1167426716138655,0.12808128,0.21377696
U0166_D11,U0166,0,normal,-0.1046078360628602,0.14020097,0.41035748
U0458_D8,U0458,0,normal,-0.1179916252219153,0.09954203,0.22791468
U0546_D9,U0546,0,normal,-0.0642109120609386,0.16695212,0.28156546
U0486_D2,U0486,0,normal,-0.1260763162278215,0.07219422,0.21377696
U0104_D16,U0104,0,normal,-0.1368471511715939,0.0430203,0.1946163
U0089_D14,U0089,0,normal,-0.1367070519569261,0.04572276,0.1946163
U0432_D7,U0432,0,normal,-0.0516793677092722,0.21710746,0.2699893
U0213_D20,U0213,0,normal,-0.0836735955639643,0.14002305,0.22661936
U0276_D2,U0276,0,normal,-0.0060547247440404,0.18941218,0.28156546
U0229_D10,U0229,0,normal,-0.0915720878606911,0.12562652,0.22661936
U0071_D20,U0071,0,normal,0.0187219597087545,0.5544507,0.41897097
U0521_D2,U0521,0,normal,-0.1181742527347487,0.049059585,0.21377696
U0438_D10,U0438,0,normal,-0.0532707169293987,0.04064804,0.2699893
U0235_D14,U0235,0,normal,-0.1020870150570139,0.19436482,0.21377696
U0548_D6,U0548,0,normal,-0.0534313668163396,0.23313764,0.22661936
U0082_D1,U0082,0,normal,-0.0120432346550267,0.34658954,0.2699893
U0313_D17,U0313,0,normal,-0.0548846923675027,0.15095213,0.22661936
U0179_D17,U0179,0,normal,0.0049563781238719,0.5283022,0.22791468
U0541_D14,U0541,0,normal,0.0865871827156824,0.20017272,0.22791468
U0598_D17,U0598,0,normal,-0.1163552286016015,0.10060472,0.22791468
U0483_D4,U0483,0,normal,-0.0698963092178744,0.0380052,0.2699893
U0071_D14,U0071,0,normal,-0.0720691089714599,0.18348926,0.21377696
U0525_D11,U0525,0,normal,-0.074386693941797,0.18499681,0.22791468
U0259_D7,U0259,0,normal,-0.0874906196860198,0.12793888,0.41658178
U0072_D20,U0072,0,normal,-0.0906534491337522,0.084257945,0.1946163
U0364_D1,U0364,1,new_location,0.0758641306205424,2.1949148,0.28156546
U0352_D17,U0352,0,normal,-0.1041645371700587,0.14467436,0.22791468
U0105_D19,U0105,0,normal,-0.0745246771838693,0.12104503,0.22661936
U0052_D5,U0052,0,normal,-0.1033898316950222,0.08821807,0.22661936
U0495_D13,U0495,0,normal,-0.1109951995586125,0.10670923,0.3965624
U0457_D9,U0457,0,normal,-0.0702349622832968,0.0488812,0.25575376
U0187_D8,U0187,0,normal,-0.0066547947562406,0.4108497,0.21377696
U0398_D1,U0398,0,normal,-0.0617609165106223,0.29181072,0.22791468
U0540_D4,U0540,0,normal,-0.1148932917344568,0.09770342,0.41035748
U0004_D1,U0004,0,normal,-0.0770280246042893,0.17702824,0.21377696
U0502_D10,U0502,0,normal,-0.1301643085188305,0.053837344,0.21377696
U0000_D7,U0000,0,normal,-0.0536202928338965,0.068887055,0.2699893
U0456_D17,U0456,0,normal,0.0079881557520894,0.51488864,0.41035748
U0433_D15,U0433,0,normal,-0.1005284753271572,0.15117389,0.22791468
U0286_D11,U0286,0,normal,-0.0407726719524267,0.23880188,0.2699893
U0542_D5,U0542,0,normal,-0.1208529335449485,0.13046512,0.21377696
U0191_D20,U0191,0,normal,-0.0946734253721546,0.17380522,0.21377696
U0365_D6,U0365,0,normal,0.0735580116666587,0.26689976,0.21377696
U0547_D12,U0547,0,normal,0.1136496664366142,0.58689976,0.22661936
U0259_D10,U0259,0,normal,0.0380097557856484,0.40223965,0.2699893
U0522_D15,U0522,0,normal,-0.1173374938810173,0.10284911,0.41658178
U0342_D4,U0342,0,normal,-0.0964192820389929,0.12298904,0.21377696
U0432_D2,U0432,0,normal,-0.0797995798077354,0.1914168,0.22661936
U0424_D6,U0424,0,normal,-0.0904820024205737,0.12409721,0.22661936
U0404_D4,U0404,0,normal,0.0746594428933757,0.19660546,0.1946163
U0449_D1,U0449,0,normal,-0.0828922356408022,0.2136977,0.22791468
U0011_D4,U0011,0,normal,-0.0278785856775592,0.16038543,0.2699893
U0133_D4,U0133,0,normal,0.0556250934400592,0.14341035,0.25575376
U0536_D9,U0536,0,normal,-0.0415186880654904,0.22244106,0.2699893
U0362_D6,U0362,0,normal,-0.1086367214529747,0.1050309,0.22791468
U0547_D16,U0547,0,normal,-0.1214883726756449,0.097800694,0.22791468
U0252_D19,U0252,0,normal,-0.0264259280129984,0.29784036,0.2699893
U0400_D15,U0400,0,normal,0.0111000263679743,0.59566957,0.22661936
U0234_D14,U0234,0,normal,-0.0844066037918179,0.15546738,0.22791468
U0236_D12,U0236,0,normal,-0.1335114715015984,0.023937838,0.21377696
U0226_D9,U0226,0,normal,0.0067133869657184,0.5994456,0.28156546
U0061_D12,U0061,0,normal,-0.1239251978080616,0.029385852,0.1946163
U0135_D7,U0135,0,normal,-0.0938955590248585,0.11812682,0.22661936
U0487_D17,U0487,0,normal,0.1100979685688601,0.33226377,0.41150656
U0138_D20,U0138,0,normal,-0.1336638972606779,0.06092378,0.1946163
U0147_D9,U0147,0,normal,-0.133318413950328,0.034626145,0.21377696
U0267_D16,U0267,0,normal,0.1747923321237749,1.0902845,0.26129663
U0199_D3,U0199,0,normal,-0.133448943733294,0.039417133,0.21377696
U0179_D14,U0179,0,normal,-0.1180285847791224,0.100131996,0.22791468
U0120_D1,U0120,0,normal,-0.0767985985861149,0.19822955,0.1946163
U0520_D18,U0520,1,large_transfer,0.2398392459129403,2.9401522,0.2699893
U0133_D9,U0133,0,normal,0.0973500591330522,0.38262206,0.2699893
U0453_D2,U0453,0,normal,-0.0951328719665503,0.17816746,0.21377696
U0308_D10,U0308,0,normal,-0.0941875489368334,0.06291345,0.22661936
U0358_D5,U0358,0,normal,-0.0245868726876126,0.14069831,0.2699893
U0065_D1,U0065,0,normal,0.0063536907580683,0.6000707,0.28156546
U0330_D10,U0330,0,normal,-0.0814428486039738,0.1513184,0.21377696
U0272_D11,U0272,0,normal,-0.0827444042899669,0.06432369,0.22661936
U0569_D17,U0569,0,normal,-0.086376871118221,0.13879462,0.22661936
U0090_D5,U0090,0,normal,-0.0537235148533088,0.106886044,0.22661936
U0384_D20,U0384,0,normal,-0.1217853447260379,0.060258176,0.21377696
U0379_D5,U0379,0,normal,-0.1226861452855082,0.07970372,0.1946163
U0049_D8,U0049,0,normal,-0.0580020286478786,0.2256572,0.22661936
U0242_D14,U0242,0,normal,-0.0604478655849555,0.16921635,0.25575376
U0297_D7,U0297,0,normal,-0.1320211295936533,0.024617402,0.21377696
U0422_D10,U0422,1,beneficiary_attack,0.1305381964971366,5.056923,0.5442336
U0091_D20,U0091,0,normal,-0.0749661876116388,0.12361165,0.21377696
U0327_D18,U0327,0,normal,-0.0875109184599407,0.07503238,0.22661936
U0286_D10,U0286,0,normal,-0.081961360000588,0.25057694,0.22791468
U0322_D13,U0322,0,normal,-0.0817777863857528,0.19989502,0.22661936
U0231_D2,U0231,1,credential_attack,0.119220757316996,1.6435791,0.78122795
U0275_D3,U0275,0,normal,-0.1315019859117546,0.07586637,0.22791468
U0153_D14,U0153,0,normal,-0.0778004934930369,0.10925335,0.22661936
U0554_D3,U0554,0,normal,-0.123485211570823,0.07461473,0.1946163
U0098_D9,U0098,1,new_location,0.1092254709301296,1.3551142,0.28156546
U0152_D6,U0152,0,normal,-0.0408203384919858,0.32625163,0.28156546
U0586_D20,U0586,0,normal,-0.1228658028616643,0.09508911,0.21377696
U0022_D19,U0022,0,normal,-0.0311766211015919,0.2659566,0.26129663
U0540_D8,U0540,0,normal,-0.1284559147158534,0.04767655,0.41658178
U0108_D9,U0108,0,normal,-0.0662589960334724,0.26040304,0.22661936
U0331_D5,U0331,0,normal,-0.1297398160356038,0.06997116,0.22791468
U0230_D16,U0230,0,normal,-0.088123113354837,0.14968067,0.22661936
U0431_D15,U0431,0,normal,-0.0542818920059711,0.15991995,0.26129663
U0572_D1,U0572,0,normal,-0.0024429478402145,0.56910366,0.28156546
U0209_D20,U0209,0,normal,-0.0147559745104434,0.14977166,0.28156546
U0384_D18,U0384,0,normal,-0.0573962161678129,0.20225021,0.25575376
U0173_D3,U0173,0,normal,-0.0887510670707166,0.10232365,0.41035748
U0500_D14,U0500,0,normal,-0.1068163739663297,0.17229056,0.22791468
U0409_D7,U0409,0,normal,-0.0429792800467496,0.24777651,0.41057152
U0493_D1,U0493,0,normal,-0.0555256669859129,0.31979322,0.21377696
U0044_D14,U0044,0,normal,0.0973696528932158,0.419783,0.26129663
U0454_D2,U0454,1,velocity_attack,0.2040765374376479,18.419878,0.41845408
U0398_D6,U0398,0,normal,-0.0674682850327016,0.092452794,0.2699893
U0579_D2,U0579,0,normal,-0.1053528220413292,0.12441608,0.21377696
U0248_D4,U0248,0,normal,-0.0569757377345121,0.19969659,0.4030065
U0013_D20,U0013,0,normal,0.0125185854889469,0.6798909,0.21377696
U0238_D13,U0238,0,normal,-0.0452228811976482,0.27196983,0.22661936
U0529_D1,U0529,0,normal,-0.0676137206571232,0.19505468,0.1946163
U0495_D20,U0495,0,normal,-0.0772811828519258,0.110263236,0.25575376
U0188_D17,U0188,0,normal,-0.0199977568189232,0.30752584,0.41057152
U0112_D8,U0112,0,normal,-0.1000330174752792,0.23239061,0.3965624
U0260_D7,U0260,0,normal,-0.0782522135640444,0.062101856,0.2699893
U0344_D19,U0344,0,normal,-0.0454436909285155,0.22468048,0.22791468
U0450_D6,U0450,0,normal,-0.0432531707101931,0.16289876,0.2699893
U0563_D11,U0563,0,normal,-0.0323911884745765,0.28763893,0.25575376
U0131_D8,U0131,0,normal,-0.1301650449113272,0.04139951,0.21377696
U0148_D15,U0148,0,normal,-0.1261732748804603,0.037515506,0.21377696
U0415_D12,U0415,0,normal,-0.1074210327179991,0.08624038,0.21377696
U0308_D2,U0308,0,normal,0.003398923641913,0.5834002,0.26129663
U0557_D20,U0557,0,normal,-0.0269534267670459,0.2694025,0.2699893
U0363_D2,U0363,0,normal,-0.1354710046349943,0.035872452,0.21377696
U0050_D9,U0050,0,normal,-0.0656524801611285,0.0545559,0.25575376
U0109_D10,U0109,0,normal,-0.0744997755624886,0.07030557,0.2699893
U0583_D12,U0583,0,normal,-0.0099394391163654,0.45284218,0.22791468
U0591_D15,U0591,0,normal,-0.0465755939602003,0.20594555,0.2699893
U0584_D4,U0584,0,normal,0.0220137584480869,0.13584337,0.2699893
U0206_D13,U0206,0,normal,-0.0711144059496577,0.13488293,0.21377696
U0048_D5,U0048,0,normal,-0.0873807129334093,0.08497421,0.22661936
U0360_D15,U0360,1,large_transfer,0.2379754633065195,4.012725,0.2699893
U0026_D8,U0026,0,normal,-0.0431769589689228,0.2644502,0.2699893
U0169_D9,U0169,0,normal,-0.1304242397088131,0.06437084,0.21377696
U0512_D4,U0512,0,normal,-0.0394130166568643,0.3725681,0.28156546
U0487_D13,U0487,0,normal,-0.1321638200378908,0.04634712,0.22791468
U0104_D14,U0104,0,normal,0.0310207981929941,0.9115625,0.21377696
U0417_D9,U0417,0,normal,-0.0441036079601518,0.13914934,0.2699893
U0229_D12,U0229,0,normal,0.0413043685115502,0.14223355,0.25575376
U0100_D19,U0100,0,normal,-0.103345730554294,0.18381004,0.22791468
U0005_D8,U0005,0,normal,0.1254570564381307,0.4323941,0.22661936
U0588_D20,U0588,0,normal,-0.0265095650448684,0.4175442,0.28156546
U0197_D9,U0197,0,normal,-0.1071567154782029,0.103202194,0.21377696
U0371_D12,U0371,0,normal,0.0926256053330151,0.38650295,0.2699893
U0239_D20,U0239,0,normal,-0.0658828828494252,0.11231812,0.2699893
U0564_D20,U0564,0,normal,-0.1205232961703564,0.12111705,0.22791468
U0035_D3,U0035,1,beneficiary_attack,0.1751895220465317,2.1716726,0.5442336
U0378_D16,U0378,0,normal,-0.0011925263027537,0.264125,0.41057152
U0252_D3,U0252,1,beneficiary_attack,0.2023149674702798,3.431555,0.5442336
U0407_D16,U0407,0,normal,-0.0487682651629682,0.35181892,0.41150656
U0415_D5,U0415,0,normal,-0.1316192396497397,0.04442203,0.21377696
U0388_D3,U0388,0,normal,0.0625708526927869,0.10725525,0.4030065
U0334_D6,U0334,0,normal,0.0834942361021507,0.748952,0.2699893
U0252_D15,U0252,0,normal,-0.1220698837075083,0.08315657,0.1946163
U0029_D8,U0029,0,normal,-0.1135333082296222,0.10031512,0.22791468
U0549_D3,U0549,1,large_transfer,0.2292190069656996,64.73508,0.2699893
U0373_D4,U0373,0,normal,0.0652279312741602,0.1140255,0.21377696
U0539_D5,U0539,0,normal,-0.1112665708998421,0.11686737,0.21377696
U0238_D11,U0238,0,normal,0.1331404765478789,0.18036506,0.28156546
U0287_D16,U0287,0,normal,-0.1387393066106543,0.024859888,0.21377696
U0340_D17,U0340,0,normal,-0.090387092634094,0.17576101,0.21377696
U0083_D16,U0083,0,normal,-0.0564718483801881,0.26452768,0.28156546
U0338_D11,U0338,0,normal,-0.1156003457811527,0.08111158,0.21377696
U0316_D9,U0316,0,normal,-0.0378622658026617,0.30390358,0.28156546
U0176_D1,U0176,0,normal,0.0286299792624978,0.62241215,0.28156546
U0141_D2,U0141,1,velocity_attack,0.2060709170571624,19.241146,0.41845408
U0552_D17,U0552,0,normal,-0.0251578825352084,0.31836095,0.40022975
U0343_D2,U0343,0,normal,-0.1255149363617228,0.044211872,0.21377696
U0584_D12,U0584,0,normal,-0.076671738653203,0.09375141,0.4030065
U0087_D20,U0087,0,normal,-0.0851211758487599,0.19508813,0.22661936
U0103_D8,U0103,0,normal,-0.0288797338008083,0.23371464,0.2699893
U0573_D11,U0573,0,normal,-0.1376220106630105,0.016834173,0.21377696
U0354_D19,U0354,0,normal,-0.1095579667616238,0.16753851,0.21377696
U0157_D19,U0157,0,normal,0.0080182041206201,0.17836072,0.22661936
U0055_D14,U0055,0,normal,-0.1076604623446059,0.09260568,0.1946163
U0540_D12,U0540,0,normal,-0.1204184217329983,0.07186234,0.21377696
U0279_D9,U0279,0,normal,-0.1153895922914512,0.12266783,0.22791468
U0503_D1,U0503,0,normal,-0.0381034958122385,0.4576576,0.41150656
U0107_D2,U0107,1,new_location,0.1174699235970649,1.5668087,0.28156546
U0010_D9,U0010,0,normal,-0.0463540637400453,0.29974103,0.28156546
U0206_D7,U0206,0,normal,-0.0272618889268791,0.4321038,0.22791468
U0397_D20,U0397,0,normal,-0.0695611628694264,0.1100386,0.22661936
U0392_D7,U0392,0,normal,-0.0952002946216489,0.10397209,0.21377696
U0296_D5,U0296,0,normal,-0.10213016665446,0.12550186,0.41658178
U0298_D6,U0298,0,normal,-0.0097361379489563,0.53637767,0.41150656
U0218_D10,U0218,0,normal,-0.0039606875932493,0.08485282,0.2699893
U0470_D3,U0470,0,normal,-0.060221599729495,0.25004777,0.28156546
U0010_D11,U0010,0,normal,0.0873330345272127,0.28105515,0.22661936
U0042_D2,U0042,0,normal,-0.0421344926626573,0.30067438,0.28156546
U0164_D7,U0164,0,normal,-0.0859547585423134,0.15214683,0.22661936
U0381_D14,U0381,0,normal,-0.0931285720644639,0.13037509,0.22661936
U0377_D3,U0377,0,normal,-0.1272342700456041,0.030222198,0.21377696
U0315_D12,U0315,0,normal,-0.0759840843450951,0.2624801,0.22791468
U0457_D12,U0457,0,normal,-0.1325638463241639,0.03201203,0.1946163
U0288_D20,U0288,1,beneficiary_attack,0.2143455066042785,2.404008,0.5442336
U0321_D13,U0321,0,normal,-0.106353277197527,0.037452754,0.21377696
U0052_D6,U0052,0,normal,-0.0297439952318275,0.31228814,0.26129663
U0465_D9,U0465,0,normal,-0.0243341270923676,0.29008502,0.28156546
U0591_D3,U0591,0,normal,-0.1108099098036271,0.1452119,0.22791468
U0536_D18,U0536,0,normal,-0.0907855116804224,0.13298891,0.1946163
U0583_D20,U0583,0,normal,-0.1362166105500111,0.027371524,0.21377696
U0011_D16,U0011,0,normal,-0.0440710999515954,0.23615381,0.22661936
U0439_D20,U0439,0,normal,-0.1033565765514205,0.1506018,0.22791468
U0473_D19,U0473,0,normal,-0.085041327905786,0.1666817,0.22791468
U0464_D1,U0464,0,normal,-0.0819817528159619,0.17375356,0.41658178
U0215_D14,U0215,0,normal,-0.1271607300962264,0.030850612,0.21377696
U0077_D2,U0077,1,new_location,0.1387107238509504,1.5210822,0.28156546
U0457_D6,U0457,0,normal,-0.1092527185893632,0.08510394,0.21377696
U0288_D17,U0288,1,composite_ato,0.250950462709394,6.007772,0.69102186
U0045_D10,U0045,0,normal,-0.1028739448110507,0.08852117,0.21377696
U0060_D5,U0060,0,normal,-0.1328768167765587,0.03558291,0.21377696
U0015_D12,U0015,0,normal,-0.0667259515965423,0.112865314,0.2699893
U0325_D13,U0325,1,new_device,0.1669808979315694,0.97262627,0.4589417
U0198_D20,U0198,0,normal,-0.1120274983357424,0.10469285,0.22791468
U0434_D5,U0434,0,normal,-0.1109363607668201,0.13913764,0.22791468
U0384_D2,U0384,0,normal,-0.0375068644203885,0.3216757,0.2699893
U0205_D20,U0205,0,normal,0.0770370239747706,0.20408493,0.2699893
U0070_D18,U0070,0,normal,0.1092440152897989,8.63776,0.26129663
U0021_D11,U0021,0,normal,0.0068155567470046,0.31915984,0.26129663
U0284_D19,U0284,1,beneficiary_attack,0.2322743636153337,5.1136236,0.5442336
U0072_D13,U0072,0,normal,-0.109175283768638,0.062367644,0.21377696
U0063_D5,U0063,1,credential_attack,0.1148821520272951,1.4887694,0.78122795
U0165_D20,U0165,0,normal,-0.1015877870956146,0.108615465,0.21377696
U0303_D18,U0303,0,normal,-0.0571812015683471,0.18929736,0.2699893
U0566_D15,U0566,0,normal,-0.1011628514558385,0.12160982,0.21377696
U0372_D11,U0372,0,normal,0.1642814646418577,0.55603564,0.2699893
U0081_D8,U0081,0,normal,-0.1056497261033005,0.06580416,0.21377696
U0332_D1,U0332,0,normal,-0.0271358716556368,0.35231036,0.25575376
U0077_D8,U0077,0,normal,-0.1210523023862812,0.103805974,0.22791468
U0389_D11,U0389,0,normal,-0.0424371443257972,0.21527801,0.25575376
U0191_D6,U0191,1,new_location,0.176864948752811,1.3576093,0.28156546
U0275_D14,U0275,1,new_location,0.1424181512302901,1.9537133,0.28156546
U0371_D19,U0371,0,normal,0.1420189471643977,0.6512335,0.2699893
U0003_D8,U0003,0,normal,-0.0729734450043675,0.11894936,0.22661936
U0566_D12,U0566,0,normal,-0.1285320199734162,0.07709733,0.3965624
U0008_D19,U0008,0,normal,-0.0414298958287429,0.017078975,0.2699893
U0018_D10,U0018,0,normal,0.0190289066145681,0.7691191,0.28156546
U0426_D4,U0426,0,normal,0.0221198101700889,0.5434377,0.22661936
U0554_D18,U0554,0,normal,0.0116808813748252,0.87877035,0.26129663
U0090_D7,U0090,0,normal,0.0885968464083593,0.39579916,0.26129663
U0140_D11,U0140,0,normal,-0.0894337310233195,0.15263796,0.22661936
U0130_D9,U0130,0,normal,-0.1076787476893343,0.060016174,0.21377696
U0043_D7,U0043,0,normal,0.0895036655232037,0.20431274,0.21377696
U0585_D6,U0585,1,beneficiary_attack,0.2458212868377881,4.031,0.5442336
U0314_D5,U0314,0,normal,0.074848245496441,0.540154,0.26129663
U0195_D1,U0195,0,normal,-0.0066903868581999,0.573333,0.22791468
U0484_D1,U0484,0,normal,-0.089451032592435,0.1667742,0.1946163
U0130_D7,U0130,1,composite_ato,0.2611289166337284,49.524204,0.69102186
U0167_D10,U0167,0,normal,0.0014563825315417,0.42393434,0.28156546
U0310_D1,U0310,0,normal,-0.0795756184375042,0.2453224,0.1946163
U0449_D18,U0449,0,normal,-0.0635094595176049,0.12775463,0.2699893
U0255_D19,U0255,0,normal,-0.0937408127538525,0.07945488,0.1946163
U0497_D16,U0497,0,normal,-0.1229058131409697,0.047827944,0.21377696
U0241_D8,U0241,0,normal,-0.0578122683877116,0.42773536,0.41035748
U0560_D13,U0560,0,normal,-0.0216012640972104,0.510333,0.41150656
U0392_D9,U0392,0,normal,0.0834071143378683,0.20674215,0.1946163
U0290_D14,U0290,0,normal,-0.0514794040081993,0.24128093,0.41057152
U0012_D15,U0012,0,normal,-0.1183113213793446,0.049209412,0.21377696
U0522_D18,U0522,0,normal,0.0656090212379837,0.13473767,0.22791468
U0423_D20,U0423,0,normal,-0.1249422260947046,0.07405613,0.21377696
U0000_D16,U0000,0,normal,-0.0838792870733591,0.10392747,0.21377696
U0447_D20,U0447,0,normal,-0.0385045437628825,0.243652,0.2699893
U0268_D3,U0268,0,normal,-0.1256793765950968,0.018871302,0.21377696
U0495_D4,U0495,0,normal,-0.0387189155912765,0.27942848,0.22661936
U0570_D15,U0570,0,normal,-0.0887822982499038,0.11239823,0.1946163
U0100_D2,U0100,0,normal,-0.0118203490568886,0.53794384,0.28156546
U0275_D18,U0275,0,normal,-0.0442293194203793,0.23704359,0.25575376
U0265_D19,U0265,0,normal,-0.0598756053957823,0.17922878,0.2699893
U0543_D6,U0543,0,normal,-0.0072779723438366,0.42434978,0.28156546
U0586_D16,U0586,0,normal,-0.1208002942914394,0.081110924,0.1946163
U0582_D12,U0582,0,normal,-0.1017195845930641,0.11488938,0.22791468
U0176_D2,U0176,0,normal,-0.0335242886785238,0.4127086,0.25575376
U0467_D8,U0467,0,normal,-0.1152476008498094,0.025983673,0.1946163
U0354_D5,U0354,0,normal,0.1535397336925708,0.4595766,0.25575376
U0234_D18,U0234,0,normal,-0.1247871703323644,0.061029725,0.41035748
U0391_D7,U0391,0,normal,-0.0370836116301265,0.21583603,0.2699893
U0046_D7,U0046,0,normal,-0.102343241717853,0.14574869,0.41035748
U0053_D1,U0053,0,normal,-0.0816949573561698,0.13511714,0.1946163
U0505_D2,U0505,0,normal,0.011550771520229,0.59816855,0.22791468
U0585_D3,U0585,0,normal,0.0127145144201543,0.8353318,0.21377696
U0593_D4,U0593,0,normal,-0.0851342221023375,0.14963837,0.22791468
U0117_D5,U0117,0,normal,0.0070537930701112,0.47672483,0.22791468
U0166_D16,U0166,0,normal,-0.0070625409672235,0.23152345,0.25575376
U0240_D13,U0240,0,normal,0.1979806125178941,1.1873192,0.26129663
U0461_D5,U0461,0,normal,-0.1274951639492435,0.030318482,0.1946163
U0387_D17,U0387,0,normal,-0.1037645531399853,0.10826143,0.41658178
U0289_D2,U0289,0,normal,-0.1026278796906113,0.15527779,0.22791468
U0095_D2,U0095,0,normal,-0.0372930194011358,0.19962102,0.22661936
U0169_D13,U0169,0,normal,-0.0568011638706734,0.25910383,0.22791468
U0358_D20,U0358,0,normal,0.0968272800070831,0.30040944,0.2699893
U0107_D12,U0107,0,normal,-0.1328947004851188,0.04385093,0.21377696
U0051_D18,U0051,0,normal,0.0740842053562397,0.5540284,0.28156546
U0472_D14,U0472,0,normal,-0.1179087496409212,0.07101198,0.21377696
U0334_D15,U0334,0,normal,-0.1251692810084412,0.1012483,0.21377696
U0545_D10,U0545,0,normal,-0.1330920172526164,0.015660215,0.41658178
U0130_D15,U0130,1,composite_ato,0.2425156762643313,78.99844,0.69102186
U0365_D17,U0365,0,normal,0.0117669320757424,0.16382974,0.2699893
U0592_D18,U0592,0,normal,0.0683765217592264,0.07381317,0.1946163
U0438_D9,U0438,0,normal,0.1019409889072174,0.20678094,0.22661936
U0000_D2,U0000,1,new_location,0.213612208124414,2.9801006,0.28156546
U0268_D14,U0268,0,normal,-0.0735192250745079,0.0918426,0.1946163
U0238_D10,U0238,1,beneficiary_attack,0.2030878651502264,3.455115,0.5442336
U0206_D1,U0206,0,normal,-0.0330309943534106,0.33801103,0.21377696
U0513_D16,U0513,0,normal,0.12443553841521,0.29094443,0.25575376
U0203_D20,U0203,0,normal,0.0984920588286183,0.21233933,0.22791468
U0439_D3,U0439,0,normal,-0.1073364021895728,0.027284894,0.21377696
U0326_D20,U0326,0,normal,-0.0332283642950324,0.20665425,0.28156546
U0133_D20,U0133,0,normal,-0.0076186293648338,0.58235073,0.41150656
U0514_D12,U0514,0,normal,-0.1066945018443357,0.16274798,0.3965624
U0444_D2,U0444,0,normal,-0.0495056470423315,0.03530475,0.2699893
U0218_D14,U0218,1,credential_attack,0.1158064423580351,1.4977403,0.78122795
U0524_D6,U0524,0,normal,-0.1263220753046625,0.09546239,0.21377696
U0210_D5,U0210,0,normal,0.0753318598835105,0.08250436,0.1946163
U0537_D20,U0537,0,normal,-0.0202016291954753,0.50459415,0.25575376
U0270_D16,U0270,0,normal,-0.0570403049727952,0.2037381,0.28156546
U0386_D5,U0386,0,normal,0.0168718008083921,0.7819354,0.26129663
U0186_D11,U0186,0,normal,-0.0993475778576554,0.23182398,0.22791468
U0009_D19,U0009,1,new_location,0.1347766270101322,1.5343705,0.28156546
U0413_D14,U0413,0,normal,-0.1216834421156087,0.08569718,0.21377696
U0430_D9,U0430,0,normal,-0.132011607813449,0.051030215,0.21377696
U0268_D5,U0268,0,normal,-0.1007983650014135,0.14570236,0.21377696
U0113_D11,U0113,0,normal,0.1249288892569038,0.26656026,0.4030065
U0102_D16,U0102,1,credential_attack,0.1142745962888369,1.4995246,0.78122795
U0196_D16,U0196,0,normal,0.0928346871681753,0.2805763,0.21377696
U0427_D11,U0427,0,normal,0.0075533370806586,0.59426516,0.1946163
U0580_D12,U0580,0,normal,-0.0902596051902084,0.17331591,0.22661936
U0308_D6,U0308,0,normal,-0.1409781321330598,0.01819419,0.1946163
U0233_D19,U0233,0,normal,-0.014572348401924,0.26745504,0.28156546
U0416_D2,U0416,0,normal,-0.1333114954127762,0.029179761,0.21377696
U0416_D9,U0416,0,normal,0.0929613821762121,0.26867238,0.40022975
U0344_D15,U0344,0,normal,-0.0555269910084468,0.18007104,0.2699893
U0510_D6,U0510,0,normal,-0.0781330352372371,0.11232962,0.21377696
U0467_D17,U0467,1,beneficiary_attack,0.1773254794969181,3.593688,0.5442336
U0586_D9,U0586,0,normal,-0.0165837034379172,0.06429932,0.2699893
U0059_D10,U0059,1,credential_attack,0.1240014961044069,1.6533272,0.78122795
U0275_D1,U0275,0,normal,0.002141193653294,0.5030416,0.28156546
U0201_D1,U0201,0,normal,-0.0834936515990782,0.16978236,0.21377696
U0470_D1,U0470,0,normal,0.007099603640171,0.52551544,0.2699893
U0142_D19,U0142,0,normal,-0.1025632104619729,0.1898998,0.21377696
U0046_D16,U0046,0,normal,-0.0838665695389714,0.1295363,0.1946163
U0149_D10,U0149,0,normal,-0.0357827838032668,0.1670315,0.2699893
U0303_D8,U0303,0,normal,-0.0319164236946197,0.28374425,0.2699893
U0088_D17,U0088,0,normal,-0.0868056481978862,0.13244988,0.41658178
U0500_D19,U0500,0,normal,-0.0845070694510291,0.18763828,0.22661936
U0008_D10,U0008,0,normal,-0.0885971941228039,0.11630489,0.22791468
U0249_D4,U0249,0,normal,0.1386151781113591,0.4274889,0.28156546
U0323_D1,U0323,0,normal,-0.0825999645928347,0.25579336,0.22791468
U0246_D3,U0246,0,normal,-0.0666659235365897,0.22035791,0.21377696
U0309_D10,U0309,0,normal,-0.0966564931752879,0.1826815,0.22791468
U0014_D8,U0014,1,large_transfer,0.2311681541202176,20.507458,0.2699893
U0301_D8,U0301,0,normal,-0.0952343789805916,0.1534481,0.22791468
U0334_D2,U0334,1,velocity_attack,0.2027343500819162,28.546288,0.40494108
U0120_D15,U0120,0,normal,-0.1080801764401561,0.16984886,0.22791468
U0306_D8,U0306,0,normal,-0.0624824195648296,0.115406275,0.25575376
U0086_D19,U0086,0,normal,0.0017811638940625,0.62084407,0.28156546
U0386_D1,U0386,1,credential_attack,-0.0002583358168183,1.9265532,0.78122795
U0169_D4,U0169,0,normal,-0.0180076420169941,0.30709305,0.2699893
U0245_D20,U0245,0,normal,-0.1137337054058865,0.08542955,0.22791468
U0434_D14,U0434,1,beneficiary_attack,0.2000265954767109,1.7948966,0.5442336
U0048_D2,U0048,0,normal,0.1330226317655273,0.51998764,0.28156546
U0575_D14,U0575,0,normal,0.0676413040123709,0.079425044,0.1946163
U0254_D1,U0254,0,normal,-0.0196261221531296,0.27117804,0.22661936
U0372_D4,U0372,1,credential_attack,0.1235582291124962,1.6208464,0.78122795
U0092_D4,U0092,0,normal,-0.1175588346588166,0.09913881,0.22791468
U0564_D2,U0564,0,normal,-0.1054724045924481,0.11885406,0.22791468
U0068_D4,U0068,0,normal,-0.0871135579655093,0.083492786,0.22661936
U0258_D13,U0258,0,normal,-0.0801352141873608,0.24327438,0.22791468
U0376_D16,U0376,0,normal,0.0654180971362086,0.2049039,0.28156546
U0048_D3,U0048,1,new_device,0.1260245026612807,1.6624476,0.4589417
U0534_D11,U0534,0,normal,-0.1089042374652888,0.17557794,0.22791468
U0428_D16,U0428,1,new_device,0.1326552616220065,1.2613921,0.4589417
U0179_D13,U0179,0,normal,-0.0954455208061508,0.21233408,0.22791468
U0199_D18,U0199,0,normal,-0.128142374119322,0.05946924,0.22791468
U0353_D6,U0353,0,normal,0.0401997647656823,1.287313,0.26129663
U0136_D3,U0136,0,normal,-0.1166971767558736,0.096359074,0.1946163
U0082_D6,U0082,0,normal,-0.0479525163107422,0.22715205,0.28156546
U0299_D16,U0299,0,normal,-0.1248621155162832,0.050999355,0.22791468
U0227_D14,U0227,0,normal,0.0691550848585395,0.08990399,0.21377696
U0359_D9,U0359,0,normal,0.0025135200158701,0.2676586,0.28156546
U0226_D10,U0226,0,normal,-0.0343315355875742,0.18983161,0.28156546
U0569_D10,U0569,0,normal,-0.1087623382228833,0.09229735,0.21377696
U0253_D9,U0253,1,large_transfer,0.2404970329604622,63.175312,0.2699893
U0279_D6,U0279,0,normal,-0.0599165147175872,0.20809498,0.22661936
U0387_D4,U0387,0,normal,-0.115829752757963,0.09139517,0.1946163
U0028_D3,U0028,0,normal,-0.1088718113341086,0.17774703,0.21377696
U0559_D7,U0559,1,credential_attack,0.127454028619099,1.6780046,0.78122795
U0559_D10,U0559,0,normal,-0.09183212610029,0.06426624,0.21377696
U0033_D18,U0033,0,normal,0.0734176243384421,1.1405771,0.22661936
U0071_D3,U0071,0,normal,-0.0945342385028557,0.116261005,0.21377696
U0069_D1,U0069,0,normal,-0.0640031121665797,0.34107912,0.22791468
U0303_D9,U0303,0,normal,-0.0371423917088679,0.26897067,0.2699893
U0284_D1,U0284,0,normal,-0.0735801367737297,0.17436102,0.1946163
U0180_D5,U0180,0,normal,-0.1233562166030829,0.07923561,0.21377696
U0503_D7,U0503,0,normal,0.0969720670166273,0.40675157,0.22661936
U0108_D13,U0108,0,normal,-0.1161062230765515,0.0943912,0.21377696
U0188_D11,U0188,0,normal,-0.1393216101634353,0.01726394,0.21377696
U0332_D8,U0332,0,normal,-0.063040978088744,0.17710783,0.2699893
U0434_D1,U0434,1,new_location,0.0472859681913147,0.90921944,0.28156546
U0012_D7,U0012,0,normal,-0.0529501463176219,0.16674681,0.2699893
U0546_D3,U0546,0,normal,-0.1172849352904996,0.12500931,0.22791468
U0044_D3,U0044,0,normal,-0.0862366585893374,0.26569855,0.21377696
U0152_D18,U0152,0,normal,-0.1289331048320805,0.062221006,0.22791468
U0312_D9,U0312,0,normal,-0.045563156853434,0.12708105,0.28156546
U0558_D16,U0558,0,normal,-0.086331576426783,0.11353012,0.21377696
U0244_D13,U0244,0,normal,-0.0342582699946902,0.23803908,0.28156546
U0136_D17,U0136,0,normal,-0.0371513994013818,0.12782809,0.41057152
U0140_D16,U0140,0,normal,-0.0200612473434053,0.29435384,0.28156546
U0390_D18,U0390,0,normal,-0.0641866441924478,0.21227619,0.28156546
U0383_D14,U0383,0,normal,-0.123823794917768,0.084179424,0.3965624
U0380_D8,U0380,0,normal,0.0616042139158389,0.78431803,0.28156546
U0504_D18,U0504,0,normal,-0.1189422551902856,0.079519294,0.1946163
U0014_D16,U0014,0,normal,-0.0525858437713738,0.26801583,0.2699893
U0482_D5,U0482,0,normal,0.0317719162952971,0.80667615,0.22661936
U0270_D10,U0270,0,normal,-0.1171204283405137,0.06981688,0.21377696
U0534_D12,U0534,0,normal,-0.0536754248606787,0.1587311,0.25575376
U0402_D13,U0402,0,normal,-0.0516523095685008,0.14009506,0.22661936
U0200_D14,U0200,1,new_device,0.1282864614505069,3.00241,0.4589417
U0217_D3,U0217,0,normal,-0.0954294173597002,0.103656664,0.41035748
U0491_D15,U0491,0,normal,-0.0026471762744201,0.6690895,0.21377696
U0245_D15,U0245,0,normal,0.0907265856460007,0.38675016,0.22791468
U0349_D8,U0349,0,normal,0.0974261372550148,0.31257936,0.22791468
U0585_D11,U0585,0,normal,-0.11842172912247,0.09631273,0.21377696
U0356_D17,U0356,0,normal,-0.09827989416195,0.05105411,0.22661936
U0012_D8,U0012,0,normal,-0.1097023562927058,0.10422313,0.22791468
U0306_D13,U0306,0,normal,-0.0409950070481461,0.3490679,0.41035748
U0041_D20,U0041,0,normal,0.0696906782311151,0.28271785,0.40022975
U0052_D10,U0052,0,normal,-0.0386463945495857,0.23767678,0.2699893
U0563_D5,U0563,0,normal,-0.0901740125480864,0.14143284,0.21377696
U0440_D10,U0440,0,normal,-0.0381278433309547,0.3725086,0.28156546
U0228_D10,U0228,0,normal,-0.0599302933542033,0.13812351,0.2699893
U0453_D17,U0453,0,normal,-0.0808702823846814,0.0684298,0.2699893
U0511_D12,U0511,0,normal,-0.1211668739100935,0.075289235,0.22791468
U0092_D9,U0092,0,normal,-0.0811155055378392,0.26005772,0.22791468
U0092_D10,U0092,0,normal,-0.1242492859144763,0.060536597,0.21377696
U0203_D17,U0203,0,normal,0.0124915680677051,0.6815394,0.41035748
U0360_D4,U0360,0,normal,0.1433509153914175,1.0855985,0.28156546
U0105_D14,U0105,0,normal,-0.1063344188934592,0.12578468,0.21377696
U0515_D13,U0515,0,normal,-0.1292467841040587,0.067166455,0.21377696
U0205_D18,U0205,0,normal,-0.0418389737087253,0.2916757,0.2699893
U0263_D11,U0263,0,normal,0.055349341311509,0.20785457,0.26129663
U0549_D9,U0549,0,normal,0.1049416549619681,0.27723584,0.1946163
U0039_D3,U0039,0,normal,-0.1186673422418893,0.06679335,0.22791468
U0195_D13,U0195,0,normal,-0.0370721436550117,0.25426114,0.41057152
U0348_D15,U0348,0,normal,-0.0491735367929583,0.2177547,0.2699893
U0130_D13,U0130,0,normal,-0.031867482664862,0.3058726,0.2699893
U0184_D15,U0184,0,normal,-0.107122610532561,0.13125214,0.22791468
U0499_D3,U0499,0,normal,-0.1217597245999242,0.047702506,0.41658178
U0265_D3,U0265,0,normal,-0.0079265146964773,0.29109228,0.28156546
U0341_D19,U0341,0,normal,0.0586545117010377,0.5353928,0.26129663
U0223_D1,U0223,0,normal,-0.0936893685312944,0.13624622,0.21377696
U0155_D4,U0155,0,normal,-0.1209528022228941,0.103168845,0.1946163
U0160_D1,U0160,0,normal,-0.0154808941865328,0.17547326,0.22661936
U0297_D1,U0297,0,normal,-0.0681499154199429,0.33358175,0.22791468
U0154_D16,U0154,0,normal,-0.0426997821700828,0.40211034,0.41150656
U0175_D5,U0175,1,credential_attack,0.1298331509978643,1.7617332,0.78122795
U0164_D3,U0164,0,normal,-0.0743798416827909,0.17756307,0.22661936
U0473_D16,U0473,0,normal,0.0817821680406504,0.30404037,0.28156546
U0406_D14,U0406,0,normal,0.1330944555749896,0.3945192,0.28156546
U0351_D17,U0351,0,normal,0.0520301478506013,1.0002341,0.22791468
U0290_D8,U0290,0,normal,-0.0509784178909208,0.28532797,0.28156546
U0317_D9,U0317,0,normal,-0.0717621568939351,0.18691598,0.22661936
U0300_D17,U0300,0,normal,-0.060243364594841,0.1470986,0.25575376
U0579_D14,U0579,0,normal,-0.1245489549920179,0.089770496,0.22791468
U0108_D1,U0108,0,normal,-0.0110734746853489,0.26916194,0.22661936
U0375_D3,U0375,0,normal,-0.0474786235989008,0.4508649,0.22791468
U0034_D15,U0034,0,normal,-0.1245028820499285,0.06745182,0.22791468
U0234_D6,U0234,0,normal,-0.1122419310475718,0.13004048,0.41035748
U0193_D20,U0193,0,normal,-0.0632955684696129,0.22141798,0.21377696
U0281_D2,U0281,0,normal,0.0106459496019015,0.3858,0.26129663
U0391_D2,U0391,0,normal,0.0269227577660876,0.8180627,0.22661936
U0071_D12,U0071,0,normal,-0.1199934273245577,0.051245317,0.22791468
U0433_D14,U0433,0,normal,0.0205793454047723,0.36442554,0.28156546
U0368_D18,U0368,0,normal,-0.1255274947627606,0.06470201,0.1946163
U0493_D2,U0493,0,normal,-0.112864305490213,0.13180906,0.22791468
U0364_D20,U0364,0,normal,-0.0729224760189463,0.2389285,0.22661936
U0552_D13,U0552,0,normal,0.0655280151929823,0.75231767,0.26129663
U0187_D10,U0187,0,normal,-0.0840520336957519,0.14307135,0.22791468
U0483_D14,U0483,0,normal,-0.1093514524541457,0.11205646,0.22791468
U0331_D2,U0331,0,normal,-0.1279780411159342,0.07633461,0.21377696
U0028_D1,U0028,0,normal,-0.0367762863302131,0.45972687,0.41150656
U0292_D18,U0292,0,normal,-0.0344697200080268,0.3754493,0.2699893
U0251_D4,U0251,0,normal,-0.1135813818251555,0.07490148,0.1946163
U0158_D7,U0158,0,normal,-0.0228391133373869,0.2709616,0.26129663
U0528_D2,U0528,0,normal,-0.1141359179157012,0.11937165,0.21377696
U0018_D14,U0018,0,normal,0.106566161424536,0.1839731,0.2699893
U0529_D12,U0529,0,normal,-0.1027372743137583,0.14547633,0.22791468
U0513_D13,U0513,0,normal,-0.1063235183363748,0.14388686,0.1946163
U0219_D13,U0219,0,normal,-0.1076108848640691,0.07340884,0.21377696
U0593_D12,U0593,0,normal,-0.115217143365784,0.08133282,0.22791468
U0387_D13,U0387,0,normal,-0.0109218813613382,0.27374268,0.26129663
U0324_D8,U0324,0,normal,-0.1136168229706327,0.15647691,0.21377696
U0263_D7,U0263,0,normal,0.0639256814444374,0.74257624,0.26129663
U0557_D8,U0557,1,credential_attack,0.1378278633897399,1.8102311,0.78122795
U0418_D16,U0418,0,normal,-0.0091940012460973,0.34110808,0.28156546
U0517_D12,U0517,0,normal,-0.0894008936277283,0.15954703,0.22661936
U0511_D1,U0511,0,normal,-0.0366496740033683,0.13133198,0.22661936
U0509_D19,U0509,0,normal,-0.1207327008776392,0.09034309,0.41035748
U0316_D10,U0316,0,normal,-0.1075006332951251,0.11409374,0.22791468
U0102_D19,U0102,0,normal,0.0969552024051612,0.20739105,0.22661936
U0068_D9,U0068,0,normal,0.0113447669135822,0.16135252,0.2699893
U0152_D5,U0152,0,normal,-0.0494701930823797,0.22475038,0.2699893
U0317_D1,U0317,0,normal,-0.0383216018652676,0.16926716,0.22661936
U0010_D18,U0010,0,normal,-0.1172293803327275,0.102894396,0.1946163
U0058_D9,U0058,0,normal,-0.0368710827511415,0.19055146,0.25575376
U0101_D10,U0101,0,normal,-0.1221689698252796,0.07606857,0.22791468
U0201_D2,U0201,0,normal,-0.1045078307860202,0.13759571,0.21377696
U0310_D4,U0310,0,normal,-0.07067913134671,0.16999581,0.22661936
U0531_D19,U0531,0,normal,-0.1030267243022196,0.13608022,0.22791468
U0550_D9,U0550,0,normal,0.1505134433865522,0.47760105,0.41897097
U0091_D10,U0091,0,normal,-0.0289611795114847,0.1966957,0.22661936
U0339_D14,U0339,0,normal,-0.1156937533616165,0.052711446,0.21377696
U0058_D1,U0058,0,normal,0.0521731176288809,0.4318513,0.2699893
U0098_D10,U0098,0,normal,0.0037444487133541,0.7815715,0.1946163
U0307_D1,U0307,0,normal,-0.0934688148535296,0.1763745,0.1946163
U0099_D4,U0099,0,normal,-0.0427554388669075,0.11630729,0.28156546
U0359_D2,U0359,0,normal,-0.113486510446741,0.11639011,0.22791468
U0558_D15,U0558,0,normal,-0.1022084946494405,0.11995656,0.22791468
U0471_D1,U0471,0,normal,0.0478621591684088,0.4520164,0.2699893
U0145_D14,U0145,0,normal,-0.1032734679786291,0.19737965,0.22791468
U0185_D6,U0185,0,normal,-0.0138566540938571,0.42621642,0.21377696
U0573_D4,U0573,0,normal,-0.1186571603996632,0.09181817,0.21377696
U0147_D12,U0147,1,credential_attack,0.1311023176876637,1.7323989,0.78122795
U0507_D15,U0507,0,normal,0.0252782704779936,0.86937886,0.22791468
U0151_D19,U0151,0,normal,-0.0416160131083288,0.19113451,0.26129663
U0501_D17,U0501,0,normal,-0.1221323455599564,0.07149752,0.21377696
U0265_D12,U0265,0,normal,-0.124105302763355,0.081555896,0.21377696
U0307_D5,U0307,0,normal,0.0306545342766613,0.2885782,0.4030065
U0109_D3,U0109,0,normal,-0.0944707000370933,0.19741982,0.22791468
U0171_D11,U0171,0,normal,-0.032496826197068,0.26785502,0.25575376
U0508_D7,U0508,1,composite_ato,0.2712245604575753,13.434316,0.69102186
U0280_D10,U0280,0,normal,-0.0653572118761171,0.1844055,0.4030065
U0076_D12,U0076,0,normal,-0.1065223645193726,0.113887876,0.41658178
U0243_D2,U0243,0,normal,-0.0519466734213301,0.13534187,0.22661936
U0486_D16,U0486,1,new_device,0.0908396206424168,1.2656364,0.4589417
U0031_D20,U0031,0,normal,-0.038464128377826,0.23270978,0.26129663
U0117_D7,U0117,0,normal,-0.0872724042539747,0.050480735,0.22661936
U0452_D7,U0452,0,normal,0.1094146449022644,0.37648857,0.22661936
U0358_D8,U0358,1,new_device,0.0649732737826545,1.6657183,0.4589417
U0119_D18,U0119,0,normal,-0.0948613272814564,0.14577559,0.21377696
U0463_D15,U0463,0,normal,-0.0757352001475834,0.19958808,0.22661936
U0259_D4,U0259,0,normal,-0.0938080430955244,0.21819262,0.22791468
U0034_D10,U0034,0,normal,-0.0365389968936078,0.13695945,0.2699893
U0194_D17,U0194,1,velocity_attack,0.229099877400015,40.78161,0.42935443
U0327_D7,U0327,1,beneficiary_attack,0.2141634585696659,4.439763,0.5442336
U0371_D18,U0371,0,normal,-0.0242403808183057,0.56475,0.21377696
U0459_D11,U0459,1,new_device,0.1287886773405016,1.4131625,0.4589417
U0149_D19,U0149,0,normal,0.056868131786361,0.7281455,0.4030065
U0383_D20,U0383,0,normal,-0.047554819840956,0.29541552,0.22661936
U0267_D10,U0267,0,normal,-0.0527676191009118,0.22475082,0.41035748
U0034_D19,U0034,0,normal,-0.067964627429354,0.1784026,0.22661936
U0086_D2,U0086,0,normal,-0.0645975536843605,0.29090062,0.41150656
U0439_D9,U0439,1,large_transfer,0.2211701197708633,8.6283245,0.2699893
U0223_D13,U0223,0,normal,-0.0902596051902084,0.17244911,0.22661936
U0138_D11,U0138,0,normal,-0.1343641995052089,0.062401995,0.21377696
U0063_D8,U0063,0,normal,-0.0731568213626476,0.18656124,0.22661936
U0321_D20,U0321,0,normal,0.0054824207800007,0.04020238,0.2699893
U0194_D14,U0194,1,composite_ato,0.26646891244381,5.2317457,0.69102186
U0243_D9,U0243,0,normal,0.066856315320147,1.2011114,0.22791468
U0153_D8,U0153,0,normal,-0.0481815297033087,0.16073416,0.22661936
U0385_D6,U0385,0,normal,-0.1020948888197527,0.19267747,0.22791468
U0458_D6,U0458,0,normal,-0.1033145649451099,0.09319046,0.22661936
U0142_D5,U0142,0,normal,-0.092120588443396,0.21544842,0.41035748
U0364_D5,U0364,0,normal,-0.0012027415641943,0.46665636,0.28156546
U0173_D9,U0173,0,normal,0.1239034613474368,0.56812024,0.26129663
U0422_D19,U0422,0,normal,0.1037966514683693,0.24820969,0.25575376
U0588_D11,U0588,0,normal,-0.0370799681794231,0.38435724,0.26129663
U0427_D2,U0427,0,normal,0.0075643297211076,0.2539202,0.28156546
U0161_D20,U0161,0,normal,0.2115781681387699,1.0413654,0.2699893
U0047_D2,U0047,0,normal,-0.0109110865432197,0.51756644,0.41150656
U0292_D15,U0292,0,normal,-0.0398252380177749,0.2884289,0.2699893
U0471_D17,U0471,0,normal,-0.0758491196691266,0.19355118,0.22661936
U0472_D10,U0472,0,normal,-0.1251874093397173,0.087114275,0.3965624
U0412_D15,U0412,0,normal,0.0452070941717229,1.3672149,0.22661936
U0228_D9,U0228,0,normal,-0.0510942673357439,0.10304497,0.2699893
U0486_D5,U0486,0,normal,-0.121716961933963,0.047754403,0.21377696
U0450_D14,U0450,0,normal,0.0896206923667489,0.16992204,0.1946163
U0314_D14,U0314,0,normal,-0.1168497877223822,0.124970436,0.21377696
U0317_D4,U0317,0,normal,-0.1003915623051577,0.19125006,0.22791468
U0021_D12,U0021,0,normal,-0.1125522920046421,0.10042914,0.21377696
U0514_D4,U0514,0,normal,-0.072657241793701,0.091155,0.22661936
U0390_D20,U0390,0,normal,-0.0899212491420761,0.21337482,0.22791468
U0118_D3,U0118,0,normal,0.064794377598689,0.110161014,0.2699893
U0165_D7,U0165,1,new_location,0.1142613609614552,1.8355645,0.28156546
U0371_D8,U0371,0,normal,0.2178176580093849,1.030208,0.2699893
U0131_D16,U0131,0,normal,-0.1053536244370202,0.13541223,0.22791468
U0015_D4,U0015,0,normal,-0.0631109169724725,0.13669802,0.25575376
U0386_D8,U0386,0,normal,-0.1039868234145878,0.1558403,0.22791468
U0555_D6,U0555,0,normal,-0.0135028440859227,0.4406059,0.21377696
U0190_D12,U0190,1,large_transfer,0.2244400779361045,2.2286577,0.2699893
U0508_D2,U0508,0,normal,-0.1204114051663077,0.08400853,0.22791468
U0597_D5,U0597,0,normal,-0.0655296143327814,0.2390697,0.22661936
U0237_D16,U0237,0,normal,0.0677322558499182,1.4971709,0.22661936
U0184_D20,U0184,0,normal,0.0713461751732453,0.14442097,0.22791468
U0231_D17,U0231,0,normal,-0.1205906987736394,0.09035589,0.21377696
U0063_D3,U0063,0,normal,-0.0659643736073841,0.14057466,0.22661936
U0461_D8,U0461,1,new_device,0.0188376319140256,0.8784563,0.4589417
U0368_D4,U0368,0,normal,-0.0566957175324306,0.16314708,0.2699893
U0256_D2,U0256,0,normal,-0.0250665753337417,0.08916615,0.2699893
U0174_D6,U0174,0,normal,-0.0644148233913876,0.16424936,0.22661936
U0315_D4,U0315,0,normal,-0.1366314588328278,0.01572776,0.21377696
U0264_D15,U0264,0,normal,-0.0761374021178062,0.08051763,0.2699893
U0345_D10,U0345,1,beneficiary_attack,0.2217182297326189,2.317185,0.5442336
U0230_D4,U0230,0,normal,-0.0751226239163237,0.17300828,0.22661936
U0364_D13,U0364,0,normal,-0.1354965615754414,0.03639819,0.21377696
U0454_D1,U0454,1,new_location,0.0442118901254025,1.0356488,0.28156546
U0303_D10,U0303,0,normal,-0.0261485579574912,0.3090236,0.26129663
U0303_D4,U0303,0,normal,-0.0400484589351586,0.3815466,0.41150656
U0087_D6,U0087,0,normal,-0.0222836542257101,0.51475424,0.41150656
U0085_D4,U0085,0,normal,-0.0112597001680428,0.31869233,0.26129663
U0096_D5,U0096,0,normal,0.0083055216766617,0.25436056,0.26129663
U0462_D1,U0462,0,normal,0.1093670772613328,0.6068158,0.26129663
U0499_D20,U0499,0,normal,-0.0387290051493379,0.28533456,0.28156546
U0519_D8,U0519,0,normal,-0.125498673295945,0.05929252,0.41035748
U0413_D11,U0413,1,new_location,0.1135428560670636,1.4333646,0.28156546
U0008_D16,U0008,0,normal,0.0561991099148524,0.48295343,0.28156546
U0465_D18,U0465,0,normal,-0.0233131527279836,0.51007473,0.41150656
U0112_D1,U0112,0,normal,-0.0741319617058073,0.18641321,0.21377696
U0372_D17,U0372,0,normal,-0.1052941056571585,0.027935574,0.41658178
U0020_D1,U0020,1,velocity_attack,0.17311444473362,23.365171,0.40494108
U0378_D7,U0378,0,normal,0.0940764821326753,0.18560573,0.22661936
U0369_D13,U0369,0,normal,-0.1107517352643728,0.090251505,0.1946163
U0391_D5,U0391,0,normal,0.0787300843991769,0.16182381,0.22791468
U0366_D5,U0366,0,normal,-0.1265607831863481,0.048110116,0.1946163
U0323_D4,U0323,0,normal,-0.1368743804066993,0.03723034,0.21377696
U0553_D3,U0553,0,normal,-0.1197862810164296,0.115136415,0.1946163
U0587_D12,U0587,0,normal,0.1334305397778131,0.41253558,0.22661936
U0160_D17,U0160,0,normal,-0.1066270611331814,0.052979674,0.21377696
U0496_D5,U0496,0,normal,-0.0703795436292554,0.15588704,0.22661936
U0050_D20,U0050,0,normal,-0.1130348543338592,0.10753972,0.1946163
U0047_D4,U0047,1,beneficiary_attack,0.2626773977091408,1.8529363,0.5442336
U0018_D1,U0018,0,normal,-0.0760447474614797,0.21642953,0.41035748
U0096_D10,U0096,0,normal,0.0257529415206206,0.6633873,0.41897097
U0216_D4,U0216,0,normal,-0.0456463813061604,0.16177097,0.28156546
U0130_D11,U0130,0,normal,0.0048974760282181,0.617835,0.1946163
U0424_D15,U0424,0,normal,-0.1174623509141371,0.05141484,0.22791468
U0014_D9,U0014,0,normal,0.0701616391233602,0.952319,0.41150656
U0166_D2,U0166,0,normal,-0.1333144779023776,0.03443805,0.1946163
U0474_D3,U0474,0,normal,-0.0623817951813062,0.20267239,0.22791468
U0289_D19,U0289,0,normal,-0.1088898210644659,0.120922714,0.21377696
U0518_D20,U0518,0,normal,-0.0142118969248228,0.3586463,0.26129663
U0465_D7,U0465,0,normal,-0.0539033030979302,0.2613463,0.28156546
U0341_D16,U0341,0,normal,-0.0772283362768124,0.16114016,0.21377696
U0395_D8,U0395,0,normal,-0.0995894855664752,0.17589682,0.1946163
U0187_D3,U0187,0,normal,-0.0441178866892189,0.26504838,0.28156546
U0044_D5,U0044,0,normal,-0.1185322318318358,0.12875172,0.1946163
U0504_D15,U0504,0,normal,-0.0341842392403992,0.26534808,0.2699893
U0558_D13,U0558,0,normal,0.1228884550973122,0.42041478,0.2699893
U0502_D17,U0502,0,normal,0.0291346951029234,0.87552476,0.22791468
U0447_D18,U0447,0,normal,-0.094673046813559,0.22922604,0.21377696
U0510_D5,U0510,0,normal,0.0384408448593777,0.17595911,0.28156546
U0105_D16,U0105,0,normal,0.0409223332748348,0.30984345,0.28156546
U0232_D12,U0232,0,normal,-0.0752994610866072,0.17853089,0.1946163
U0381_D8,U0381,0,normal,-0.1179483739595715,0.10588402,0.22791468
U0599_D8,U0599,0,normal,-0.0416215824042119,0.29870045,0.22791468
U0120_D11,U0120,0,normal,0.0739590383349251,0.09741439,0.21377696
U0412_D17,U0412,0,normal,-0.0129600713362384,0.1520375,0.2699893
U0187_D20,U0187,0,normal,-0.0024646659674263,0.16714944,0.2699893
U0162_D15,U0162,0,normal,-0.0897601389648775,0.13987829,0.22661936
U0554_D7,U0554,0,normal,-0.0636322447557345,0.18491745,0.22661936
U0283_D20,U0283,0,normal,0.0951372315587741,0.3254642,0.2699893
U0178_D8,U0178,0,normal,-0.0376165414977366,0.40441033,0.41150656
U0199_D7,U0199,0,normal,-0.1194194338462668,0.06864663,0.1946163
U0463_D13,U0463,0,normal,0.0731153027725743,0.186663,0.41035748
U0113_D5,U0113,0,normal,0.0301733593739816,0.12045104,0.28156546
U0343_D11,U0343,0,normal,0.0241526591012946,0.12268843,0.2699893
U0441_D18,U0441,0,normal,-0.0630887641433649,0.12307028,0.2699893
U0227_D7,U0227,0,normal,-0.017302854060025,0.52963203,0.41150656
U0406_D11,U0406,0,normal,-0.0482043117193386,0.22905152,0.28156546
U0058_D3,U0058,0,normal,-0.1200377131580853,0.07127434,0.41658178
U0522_D3,U0522,0,normal,-0.0513165184004322,0.058040407,0.25575376
U0571_D9,U0571,1,credential_attack,0.1222445755648777,1.5440274,0.78122795
U0564_D10,U0564,0,normal,-0.0831790627028263,0.1645921,0.1946163
U0571_D7,U0571,0,normal,-0.0330565702060062,0.28045255,0.41057152
U0330_D3,U0330,1,new_location,0.11291354241831,1.0537112,0.28156546
U0117_D1,U0117,0,normal,-0.0152509037143027,0.45208687,0.28156546
U0462_D10,U0462,0,normal,-0.1111450014538635,0.09438434,0.21377696
U0373_D13,U0373,0,normal,-0.1396596075745535,0.021191135,0.21377696
U0539_D9,U0539,0,normal,-0.0056877398557071,0.2145411,0.28156546
U0317_D10,U0317,0,normal,-0.0494259906134298,0.11375877,0.2699893
U0557_D15,U0557,0,normal,-0.0879825488842823,0.1327789,0.22661936
U0138_D12,U0138,0,normal,-0.0752383436146815,0.29150274,0.41035748
U0461_D1,U0461,0,normal,-0.095668703396521,0.12229228,0.1946163
U0266_D4,U0266,0,normal,-0.0918693732989493,0.26727325,0.22791468
U0584_D14,U0584,0,normal,-0.0205882952258565,0.3797239,0.28156546
U0310_D19,U0310,0,normal,-0.1025020772488968,0.1741054,0.22791468
U0373_D8,U0373,0,normal,0.015027626560473,0.6726061,0.1946163
U0490_D16,U0490,0,normal,-0.1286681763056483,0.052012146,0.21377696
U0580_D4,U0580,0,normal,-0.0980308730004636,0.20707782,0.22791468
U0208_D9,U0208,0,normal,-0.0829117160121121,0.067396946,0.25575376
U0578_D13,U0578,0,normal,-0.0542980996263679,0.22652215,0.21377696
U0045_D2,U0045,0,normal,-0.0558504589505993,0.03748088,0.2699893
U0430_D19,U0430,0,normal,-0.0560769536515211,0.20462564,0.28156546
U0409_D20,U0409,1,velocity_attack,0.183439133539341,20.588518,0.41845408
U0245_D1,U0245,0,normal,0.0384372794240231,0.8708313,0.28156546
U0480_D7,U0480,0,normal,-0.0310281703641807,0.20699336,0.22661936
U0168_D6,U0168,0,normal,-0.0657870451188509,0.3244591,0.22791468
U0045_D4,U0045,0,normal,-0.0579407850896894,0.3454339,0.41035748
U0066_D13,U0066,0,normal,0.0156214940534543,0.26190743,0.22661936
U0263_D19,U0263,0,normal,-0.1268856697753543,0.06904565,0.21377696
U0089_D18,U0089,0,normal,0.0938367132310399,0.17592584,0.25575376
U0560_D2,U0560,0,normal,0.1037773663205506,0.1572736,0.28156546
U0483_D2,U0483,0,normal,-0.0122530116683995,0.3236841,0.2699893
U0445_D7,U0445,0,normal,0.0038758474571382,0.7051114,0.2699893
U0324_D4,U0324,0,normal,-0.0736763798716821,0.13328439,0.2699893
U0076_D2,U0076,0,normal,-0.0326065490285798,0.36340085,0.28156546
U0344_D18,U0344,0,normal,-0.0421417787290598,0.2967214,0.28156546
U0442_D12,U0442,0,normal,0.0634548351027102,0.20089139,0.25575376
U0128_D20,U0128,0,normal,0.1682577557366109,0.7095681,0.26129663
U0045_D12,U0045,0,normal,-0.0995151619449337,0.11645237,0.1946163
U0539_D17,U0539,0,normal,-0.0425672192259869,0.23774311,0.28156546
U0253_D4,U0253,0,normal,-0.0532025330404874,0.2740431,0.21377696
U0451_D4,U0451,0,normal,0.0069176332483189,0.07442714,0.25575376
U0068_D14,U0068,0,normal,-0.1048660651298339,0.11547526,0.21377696
U0442_D1,U0442,0,normal,-0.0795057734990567,0.2788151,0.22791468
U0131_D5,U0131,0,normal,-0.1193282889790325,0.13561863,0.21377696
U0540_D17,U0540,0,normal,-0.06968966308142,0.11247155,0.22661936
U0219_D9,U0219,0,normal,-0.0840003233972453,0.103436485,0.21377696
U0300_D1,U0300,1,velocity_attack,0.1733889808252806,15.4854145,0.38790223
U0596_D7,U0596,0,normal,-0.1239708304571003,0.080989115,0.22791468
U0297_D19,U0297,0,normal,0.1173264210296682,0.79337054,0.41897097
U0292_D6,U0292,0,normal,0.0407816478941316,0.7344044,0.41897097
U0396_D14,U0396,0,normal,-0.1186699539700211,0.12316498,0.1946163
U0059_D1,U0059,0,normal,0.0675112542235863,0.55813617,0.26129663
U0090_D4,U0090,0,normal,0.1595615669240673,0.52176183,0.2699893
U0409_D4,U0409,0,normal,-0.1120291195923633,0.15190172,0.1946163
U0295_D2,U0295,0,normal,-0.0703815021024326,0.20802186,0.22661936
U0108_D19,U0108,0,normal,0.0837452023914987,0.1709674,0.25575376
U0054_D17,U0054,0,normal,0.0461938244189165,0.15396273,0.2699893
U0067_D12,U0067,0,normal,-0.1281215786241082,0.07220857,0.22791468
U0335_D13,U0335,0,normal,-0.0895313320618711,0.22956078,0.22791468
U0007_D9,U0007,0,normal,-0.097947045047576,0.132633,0.21377696
U0089_D1,U0089,0,normal,-0.080215571358241,0.2847948,0.22791468
U0557_D18,U0557,1,new_device,0.1287590205791695,0.8951074,0.4589417
U0414_D16,U0414,0,normal,0.043371545901942,0.25891146,0.40022975
U0542_D20,U0542,0,normal,0.1317539815796492,0.5927974,0.2699893
U0549_D13,U0549,0,normal,0.1554280189308876,0.51409286,0.2699893
U0421_D20,U0421,1,credential_attack,0.1097564900013595,1.4291222,0.78122795
U0141_D16,U0141,0,normal,0.0744004804613184,0.24335323,0.2699893
U0496_D1,U0496,0,normal,0.0939170529904968,0.4246631,0.2699893
U0289_D15,U0289,0,normal,-0.0559655827802043,0.1893401,0.2699893
U0233_D2,U0233,1,velocity_attack,0.2255166517396973,13.282164,0.38790223
U0399_D11,U0399,0,normal,0.0205511410688982,0.72473717,0.26129663
U0377_D16,U0377,0,normal,-0.1214553471228818,0.100341074,0.1946163
U0025_D13,U0025,0,normal,0.0663381958323157,0.29987836,0.26129663
U0505_D13,U0505,0,normal,0.0970838378198583,0.34957215,0.25575376
U0133_D3,U0133,0,normal,-0.1089721671721122,0.072380535,0.1946163
U0594_D17,U0594,0,normal,0.010667934113021,0.5645769,0.26129663
U0075_D17,U0075,0,normal,-0.0966633640405605,0.08964128,0.21377696
U0052_D18,U0052,0,normal,-0.1065039481562324,0.09348818,0.21377696
U0402_D12,U0402,0,normal,-0.1144793127088354,0.12105139,0.22791468
U0176_D20,U0176,0,normal,-0.0588935497980784,0.17357951,0.2699893
U0232_D19,U0232,0,normal,0.1367137729156768,0.63759017,0.2699893
U0387_D11,U0387,1,beneficiary_attack,0.1977195999493234,2.6152039,0.5442336
U0148_D8,U0148,0,normal,-0.011943455195135,0.2878233,0.41057152
U0357_D6,U0357,0,normal,-0.1327122238123894,0.02928054,0.1946163
U0060_D9,U0060,0,normal,-0.1312353079322281,0.038629793,0.21377696
U0538_D7,U0538,0,normal,0.1269530503018429,0.5066923,0.26129663
U0374_D8,U0374,0,normal,-0.1074480403818049,0.12770855,0.1946163
U0311_D20,U0311,0,normal,-0.044990327675629,0.19903523,0.28156546
U0152_D2,U0152,0,normal,-0.1378962718785334,0.01818627,0.1946163
U0487_D19,U0487,1,new_location,0.1145707451945846,1.126977,0.28156546
U0054_D12,U0054,0,normal,-0.0610414985076436,0.18226518,0.2699893
U0079_D2,U0079,0,normal,-0.1089167061422563,0.1468798,0.21377696
U0013_D12,U0013,0,normal,0.0170207438546781,0.14296731,0.25575376
U0057_D7,U0057,0,normal,-0.0486737679328881,0.2884524,0.28156546
U0588_D2,U0588,0,normal,-0.1240919754715111,0.0912759,0.21377696
U0417_D1,U0417,0,normal,-0.0159610955379829,0.4745059,0.28156546
U0266_D7,U0266,1,new_location,0.1273289421113594,1.1799451,0.28156546
U0214_D14,U0214,0,normal,-0.0900633117831999,0.1326625,0.22791468
U0337_D15,U0337,0,normal,-0.1342743366678636,0.016229302,0.21377696
U0037_D12,U0037,0,normal,-0.0015943376659504,0.49039808,0.21377696
U0076_D5,U0076,0,normal,-0.0405710864366921,0.27439082,0.22661936
U0120_D7,U0120,0,normal,0.1522594641863296,0.4843295,0.28156546
U0048_D20,U0048,0,normal,-0.0001851991672947,0.64835304,0.41150656
U0471_D11,U0471,0,normal,-0.0618179825947209,0.209701,0.28156546
U0283_D14,U0283,0,normal,-0.0817071263063096,0.15336412,0.1946163
U0127_D9,U0127,0,normal,-0.0342352066563407,0.32113826,0.28156546
U0456_D12,U0456,0,normal,-0.0044926697330394,0.08642867,0.2699893
U0502_D3,U0502,0,normal,0.0065893582030903,0.20924391,0.28156546
U0074_D5,U0074,1,composite_ato,0.2049556148202463,5.927658,0.69102186
U0519_D10,U0519,0,normal,-0.0809184785376624,0.1898037,0.21377696
U0093_D11,U0093,0,normal,-0.1363397648549931,0.020022696,0.21377696
U0451_D5,U0451,0,normal,-0.0351456261179191,0.39193383,0.22791468
U0092_D16,U0092,0,normal,-0.0425852247586789,0.11074033,0.40022975
U0183_D17,U0183,0,normal,-0.0610496698438864,0.25001547,0.22661936
U0391_D15,U0391,0,normal,0.1120272632389609,0.53152895,0.22791468
U0273_D16,U0273,0,normal,-0.0028026692625245,0.2998588,0.22661936
U0307_D8,U0307,0,normal,-0.068460561948315,0.1758007,0.22791468
U0506_D13,U0506,0,normal,-0.0202766258061209,0.4846972,0.28156546
U0148_D6,U0148,0,normal,-0.0545172446535135,0.17594053,0.22661936
U0345_D6,U0345,0,normal,-0.1131936964462709,0.07742206,0.21377696
U0348_D9,U0348,0,normal,0.0337776954793204,0.35181257,0.2699893
U0536_D16,U0536,0,normal,-0.1228476678816025,0.10062525,0.22791468
U0278_D8,U0278,0,normal,-0.0905485074959821,0.09728333,0.22661936
U0165_D6,U0165,0,normal,0.033421064879999,0.38998467,0.41897097
U0071_D8,U0071,0,normal,0.0054591051137383,0.6007559,0.1946163
U0022_D6,U0022,0,normal,-0.112951979653417,0.04413651,0.21377696
U0019_D19,U0019,0,normal,-0.11360073581245,0.13741308,0.21377696
U0582_D16,U0582,0,normal,-0.0835458353386147,0.07404551,0.22661936
U0495_D15,U0495,1,velocity_attack,0.0778825192852538,14.609556,0.40494108
U0582_D20,U0582,0,normal,-0.0460421153093309,0.09210802,0.25575376
U0589_D12,U0589,0,normal,-0.0992723052111652,0.1864913,0.21377696
U0475_D10,U0475,0,normal,-0.1281445907780867,0.017466526,0.1946163
U0262_D3,U0262,0,normal,-0.1243769742977645,0.09198224,0.22791468
U0054_D1,U0054,0,normal,-0.063595502925301,0.3700275,0.22791468
U0503_D19,U0503,0,normal,-0.116476532246749,0.15545599,0.22791468
U0038_D5,U0038,0,normal,-0.038606192625573,0.05437218,0.25575376
U0025_D4,U0025,0,normal,-0.1313216044200219,0.067319125,0.21377696
U0419_D20,U0419,0,normal,-0.0774338929067553,0.13000482,0.22661936
U0545_D5,U0545,0,normal,-0.08147756422776,0.29034978,0.22791468
U0306_D5,U0306,0,normal,0.1094652165545133,0.69014126,0.1946163
U0112_D5,U0112,0,normal,0.0321005003120241,0.6415906,0.26129663
U0256_D11,U0256,1,credential_attack,0.1212061501098251,1.6331096,0.78122795
U0098_D7,U0098,0,normal,-0.0170621343921933,0.34738657,0.26129663
U0521_D9,U0521,0,normal,-0.0935442230060098,0.1265791,0.22791468
U0513_D4,U0513,0,normal,0.0489486570052351,0.71294326,0.2699893
U0409_D14,U0409,0,normal,-0.086770737395054,0.15512721,0.22661936
U0481_D11,U0481,0,normal,-0.1285626142118964,0.020178305,0.21377696
U0561_D7,U0561,0,normal,0.1241695272447924,0.3179947,0.22661936
U0104_D13,U0104,1,large_transfer,0.2337928173621039,4.163227,0.2699893
U0396_D17,U0396,0,normal,-0.0477093879778493,0.2459845,0.28156546
U0437_D10,U0437,0,normal,-0.1300522500599438,0.08144046,0.22791468
U0580_D15,U0580,0,normal,-0.0622645015894307,0.1366011,0.2699893
U0253_D17,U0253,0,normal,-0.0727291188503229,0.21357554,0.22791468
U0534_D13,U0534,0,normal,-0.0644991498797393,0.13436994,0.25575376
U0149_D18,U0149,1,velocity_attack,0.2016082762110514,24.847832,0.42935443
U0198_D12,U0198,0,normal,-0.1133560668889984,0.119293556,0.22791468
U0497_D13,U0497,0,normal,-0.0642117650355727,0.095976494,0.25575376
U0315_D18,U0315,0,normal,-0.0523039694570474,0.044815276,0.2699893
U0478_D19,U0478,0,normal,-0.1038013950302493,0.13131787,0.22791468
U0456_D10,U0456,0,normal,0.0933438007004791,0.14530176,0.25575376
U0172_D5,U0172,0,normal,-0.101443082534078,0.11932543,0.3965624
U0171_D8,U0171,0,normal,0.0352796861300005,0.9701061,0.21377696
U0135_D4,U0135,0,normal,-0.1204494140963394,0.06077539,0.1946163
U0593_D15,U0593,0,normal,-0.0884430787912853,0.20870212,0.1946163
U0438_D20,U0438,0,normal,0.0988283073669754,0.2817434,0.25575376
U0369_D12,U0369,0,normal,-0.1330840260733256,0.041974444,0.21377696
U0557_D3,U0557,0,normal,-0.0244645211169689,0.035576496,0.2699893
U0250_D15,U0250,0,normal,-0.1265748321648593,0.025950417,0.21377696
U0373_D18,U0373,0,normal,0.1012562941931425,0.23308188,0.22661936
U0011_D9,U0011,0,normal,-0.0941899135385358,0.14026141,0.22661936
U0573_D16,U0573,0,normal,-0.1314637242112147,0.049552467,0.22791468
U0285_D17,U0285,0,normal,-0.0960407885222839,0.18688066,0.22791468
U0304_D4,U0304,0,normal,0.1326406557702042,0.44607884,0.28156546
U0591_D2,U0591,0,normal,-0.1238251917922493,0.053339016,0.22791468
U0385_D10,U0385,0,normal,-0.0821826987031588,0.2625379,0.21377696
U0491_D2,U0491,0,normal,-0.1243285667890196,0.094941184,0.22791468
U0210_D1,U0210,0,normal,-0.0235860155712755,0.35149074,0.25575376
U0250_D8,U0250,0,normal,-0.1051041582483421,0.059353743,0.21377696
U0358_D18,U0358,0,normal,-0.1263220728888672,0.056971595,0.1946163
U0328_D8,U0328,0,normal,-0.0746295841041987,0.12212796,0.25575376
U0185_D2,U0185,0,normal,-0.0789936104850578,0.21291476,0.22661936
U0265_D20,U0265,0,normal,-0.0832343310077019,0.2652045,0.22791468
U0001_D2,U0001,0,normal,0.0623694096107693,0.5739603,0.2699893
U0051_D5,U0051,0,normal,-0.1368214699580093,0.009994664,0.1946163
U0572_D14,U0572,1,velocity_attack,0.2032176535219192,17.366804,0.41845408
U0547_D19,U0547,0,normal,-0.0860201605074075,0.14624217,0.21377696
U0109_D7,U0109,0,normal,-0.0687419390981585,0.23453447,0.41150656
U0419_D13,U0419,0,normal,-0.1052480163258051,0.08070911,0.1946163
U0384_D10,U0384,0,normal,-0.0007483512728832,0.527024,0.26129663
U0421_D13,U0421,0,normal,-0.0390410535979087,0.25208062,0.25575376
U0320_D17,U0320,0,normal,-0.1082272441479656,0.15248501,0.21377696
U0374_D2,U0374,0,normal,-0.1127718084071417,0.048169408,0.21377696
U0224_D13,U0224,0,normal,-0.0455947453036408,0.14318448,0.22661936
U0542_D18,U0542,0,normal,-0.128456718593204,0.086318776,0.22791468
U0595_D4,U0595,0,normal,-0.0034092662449719,0.2519463,0.40022975
U0269_D7,U0269,0,normal,0.0641403806516973,3.5210834,0.26129663
U0581_D5,U0581,0,normal,-0.0993154046892018,0.06631387,0.21377696
U0438_D18,U0438,0,normal,0.060053697547259,0.8645028,0.2699893
U0566_D17,U0566,0,normal,-0.0499317135550187,0.04206716,0.2699893
U0372_D6,U0372,0,normal,-0.1023985947761149,0.06388419,0.21377696
U0154_D7,U0154,0,normal,-0.1215609086160495,0.07854118,0.21377696
U0206_D4,U0206,0,normal,-0.0560344986823843,0.32317817,0.22791468
U0564_D5,U0564,0,normal,0.0447867158835668,0.2273066,0.25575376
U0295_D10,U0295,0,normal,0.0473959736092968,0.90984714,0.22661936
U0378_D9,U0378,0,normal,0.0055277246621351,0.51125157,0.22791468
U0305_D3,U0305,0,normal,-0.125355261665492,0.039359532,0.1946163
U0513_D6,U0513,0,normal,-0.0715352447765719,0.16558711,0.22791468
U0576_D11,U0576,1,new_location,0.1479989905755322,2.09554,0.28156546
U0036_D6,U0036,0,normal,-0.1166518876254173,0.10010933,0.1946163
U0422_D5,U0422,0,normal,-0.1251067869945233,0.057832733,0.41658178
U0022_D14,U0022,0,normal,-0.0400188489364932,0.016331097,0.2699893
U0545_D6,U0545,0,normal,-0.0404103861590802,0.26740652,0.28156546
U0069_D20,U0069,0,normal,-0.0746570001470716,0.11481733,0.1946163
U0078_D20,U0078,0,normal,-0.0903824366222042,0.18627642,0.22791468
U0430_D20,U0430,0,normal,-0.0214698211164433,0.11183315,0.25575376
U0165_D9,U0165,0,normal,-0.0580993731615396,0.16197206,0.2699893
U0514_D14,U0514,0,normal,-0.1117981905200119,0.058181755,0.1946163
U0553_D4,U0553,0,normal,-0.0495380990529926,0.25961092,0.2699893
U0518_D2,U0518,1,credential_attack,0.1258289987960699,1.6547513,0.78122795
U0500_D7,U0500,0,normal,-0.0196306513816046,0.3538417,0.25575376
U0156_D8,U0156,0,normal,0.1313841746363196,0.5964536,0.2699893
U0447_D16,U0447,0,normal,0.0971598762882067,0.3449894,0.22661936
U0394_D19,U0394,0,normal,-0.1134623093791811,0.069722414,0.1946163
U0455_D8,U0455,0,normal,0.1355417636950378,0.46942446,0.28156546
U0588_D19,U0588,0,normal,-0.1085267757970221,0.13010219,0.21377696
U0499_D1,U0499,0,normal,-0.0401643743529643,0.18604094,0.22661936
U0500_D18,U0500,0,normal,-0.0713260216693846,0.24227892,0.22661936
U0349_D4,U0349,0,normal,-0.080320028340717,0.12366447,0.1946163
U0089_D10,U0089,0,normal,0.0062047058362812,0.29606414,0.40022975
U0344_D9,U0344,0,normal,0.028532531752259,0.59746325,0.22661936
U0162_D20,U0162,0,normal,-0.0486145558116787,0.22731869,0.2699893
U0563_D9,U0563,0,normal,-0.1022642973106508,0.10238416,0.22661936
U0167_D15,U0167,0,normal,-0.1054775344652177,0.09878972,0.22791468
U0331_D15,U0331,0,normal,-0.125139523238705,0.06225999,0.21377696
U0093_D7,U0093,0,normal,0.0614964952808232,0.6587674,0.26129663
U0030_D8,U0030,0,normal,-0.0939784799496967,0.19552708,0.41035748
U0117_D2,U0117,0,normal,-0.0544146650322512,0.11667588,0.22661936
U0083_D19,U0083,0,normal,-0.0749170778320564,0.23568442,0.22661936
U0458_D3,U0458,0,normal,0.0916312820259492,0.24154681,0.25575376
U0168_D17,U0168,0,normal,-0.0602486488931985,0.2834589,0.21377696
U0270_D14,U0270,0,normal,-0.0994860470701392,0.16265272,0.21377696
U0016_D10,U0016,0,normal,-0.1144118370503635,0.091375306,0.22791468
U0412_D19,U0412,0,normal,0.0589322310428772,1.1004722,0.22661936
U0299_D12,U0299,1,new_device,0.0902197031848044,1.3303698,0.4589417
U0410_D14,U0410,0,normal,-0.1057083809195362,0.12447879,0.22791468
U0446_D17,U0446,0,normal,0.007951484200155,0.2589351,0.28156546
U0479_D4,U0479,0,normal,-0.1055087558446152,0.113747016,0.22791468
U0086_D15,U0086,0,normal,-0.0332983097194138,0.20646635,0.22661936
U0149_D9,U0149,0,normal,-0.0221120721382804,0.48742807,0.3965624
U0551_D11,U0551,0,normal,-0.0569100482660955,0.26724362,0.41150656
U0228_D8,U0228,0,normal,-0.0932744401297323,0.15808398,0.21377696
U0573_D20,U0573,0,normal,-0.0792326977675803,0.17073278,0.22661936
U0065_D16,U0065,0,normal,-0.0943180900009807,0.21229288,0.22791468
U0403_D8,U0403,0,normal,-0.1098196803082098,0.11392478,0.22791468
U0431_D14,U0431,0,normal,-0.0853019880203894,0.064086094,0.22791468
U0231_D16,U0231,0,normal,-0.03972601575416,0.2584684,0.2699893
U0151_D7,U0151,0,normal,0.0177689023063266,0.11425437,0.2699893
U0005_D16,U0005,0,normal,-0.1309202531420617,0.02543409,0.21377696
U0391_D11,U0391,0,normal,-0.1044234665773873,0.13439454,0.22791468
U0062_D8,U0062,0,normal,-0.0215850545266677,0.3169619,0.28156546
U0393_D2,U0393,0,normal,-0.1387977179783055,0.01594091,0.21377696
U0050_D10,U0050,0,normal,-0.0811332865006547,0.11164591,0.22661936
U0359_D8,U0359,0,normal,0.0850529554064258,0.81824243,0.26129663
U0208_D17,U0208,0,normal,-0.0619547547537527,0.17052406,0.2699893
U0495_D14,U0495,1,velocity_attack,0.1520163811468179,13.599329,0.38790223
U0599_D6,U0599,0,normal,0.1780243069538877,0.9747504,0.26129663
U0420_D9,U0420,0,normal,-0.0702226983913053,0.099638045,0.2699893
U0075_D15,U0075,0,normal,-0.0792265358423457,0.077579916,0.22661936
U0136_D10,U0136,0,normal,-0.0477770049039036,0.19113766,0.25575376
U0572_D19,U0572,1,new_device,0.078791479405089,1.1137141,0.4589417
U0006_D20,U0006,0,normal,-0.0989537282906363,0.20447512,0.21377696
U0529_D19,U0529,0,normal,0.0049502704483075,0.22931801,0.26129663
U0171_D14,U0171,0,normal,-0.08464635045226,0.049116984,0.22661936
U0459_D1,U0459,0,normal,-0.0179193848233237,0.3743665,0.28156546
U0055_D13,U0055,0,normal,-0.0584507330966282,0.091532946,0.25575376
U0439_D4,U0439,0,normal,-0.0325176127771593,0.1906716,0.2699893
U0545_D9,U0545,0,normal,-0.0216251322847484,0.5097615,0.26129663
U0075_D2,U0075,0,normal,-0.1000465174710713,0.14170521,0.22791468
U0344_D2,U0344,0,normal,-0.0876174345365765,0.060490184,0.22661936
U0329_D5,U0329,0,normal,0.071232686712054,0.1380134,0.22791468
U0144_D3,U0144,0,normal,-0.1402721765028909,0.029701225,0.1946163
U0093_D14,U0093,0,normal,0.1365258327643607,0.44792148,0.26129663
U0255_D9,U0255,0,normal,-0.0658985012415936,0.16948773,0.1946163
U0396_D6,U0396,0,normal,-0.0730462724722348,0.067876816,0.2699893
U0380_D2,U0380,0,normal,-0.0021482896050113,0.6606457,0.26129663
U0277_D5,U0277,0,normal,-0.080446425200075,0.24215108,0.22661936
U0064_D1,U0064,0,normal,0.0179146491055116,0.3879702,0.2699893
U0564_D14,U0564,0,normal,-0.0747511691648997,0.17722839,0.22661936
U0328_D6,U0328,0,normal,-0.1182063945203794,0.06987948,0.21377696
U0544_D14,U0544,0,normal,-0.1334632388951381,0.038347065,0.21377696
U0531_D8,U0531,0,normal,0.151499511655122,0.6310717,0.2699893
U0235_D1,U0235,0,normal,-0.0611162683338638,0.22434354,0.21377696
U0169_D1,U0169,0,normal,-0.0086321274976987,0.51501966,0.41057152
U0228_D17,U0228,0,normal,-0.0970674946270849,0.085320935,0.21377696
U0182_D10,U0182,0,normal,-0.1244901230516482,0.048187323,0.22791468
U0323_D16,U0323,0,normal,-0.0498252075662692,0.13481548,0.28156546
U0076_D7,U0076,0,normal,0.0964988341486161,0.19484852,0.22661936
U0585_D17,U0585,0,normal,-0.1131990217759308,0.08544718,0.21377696
U0422_D11,U0422,0,normal,0.0974457147538335,0.2207625,0.22661936
U0438_D14,U0438,0,normal,-0.1195831924855971,0.09420542,0.22791468
U0295_D9,U0295,1,large_transfer,0.2370021870781532,31.568071,0.2699893
U0156_D15,U0156,0,normal,-0.0227896114245789,0.36901006,0.21377696
U0568_D20,U0568,1,new_device,0.1942648693085347,1.5087403,0.4589417
U0411_D11,U0411,0,normal,0.1669323218420562,0.8296637,0.26129663
U0041_D19,U0041,0,normal,-0.1200591500950038,0.11234149,0.21377696
U0514_D15,U0514,0,normal,-0.1176191030043533,0.075562075,0.21377696
U0180_D9,U0180,0,normal,-0.0793805850163849,0.2374826,0.22791468
U0286_D15,U0286,0,normal,-0.0920093527203034,0.25132844,0.22791468
U0363_D4,U0363,0,normal,-0.1059975420631146,0.11225103,0.22791468
U0127_D2,U0127,0,normal,-0.0799630632074903,0.18658267,0.22661936
U0038_D6,U0038,0,normal,-0.0518629745486888,0.08960441,0.26129663
U0180_D7,U0180,0,normal,-0.1304231920351845,0.07625583,0.1946163
U0421_D8,U0421,0,normal,-0.0233228573465488,0.47488928,0.28156546
U0202_D18,U0202,0,normal,-0.0329420748508843,0.37145907,0.41057152
U0416_D7,U0416,0,normal,0.1539179540112467,0.7985093,0.2699893
U0305_D15,U0305,0,normal,-0.119733609740871,0.080210626,0.1946163
U0407_D19,U0407,0,normal,-0.0907888467369568,0.22084528,0.1946163
U0568_D13,U0568,0,normal,-0.1067708865671296,0.12157694,0.22791468
U0261_D16,U0261,0,normal,-0.0281045819244276,0.3552843,0.26129663
U0339_D8,U0339,0,normal,-0.0359824050390379,0.17170942,0.25575376
U0230_D1,U0230,0,normal,-0.0837221985131729,0.22516288,0.21377696
U0333_D14,U0333,0,normal,-0.0119083001879624,0.4870117,0.1946163
U0218_D4,U0218,0,normal,-0.1189082030968732,0.08635318,0.1946163
U0245_D18,U0245,0,normal,-0.0833412406044795,0.17116427,0.22661936
U0373_D17,U0373,1,beneficiary_attack,0.1630205702318712,3.8383436,0.5442336
U0091_D5,U0091,0,normal,-0.0944420679400031,0.10087779,0.1946163
U0220_D1,U0220,1,composite_ato,0.2178770628872576,6.3001924,0.69102186
U0084_D11,U0084,0,normal,-0.0926003085750558,0.094909124,0.22661936
U0588_D3,U0588,0,normal,-0.0858236416999612,0.19223866,0.22661936
U0189_D8,U0189,0,normal,-0.0326652203812316,0.30487716,0.28156546
U0068_D2,U0068,0,normal,-0.0243111637085255,0.2963673,0.28156546
U0239_D6,U0239,1,new_location,0.1167837407325113,2.0844748,0.28156546
U0336_D19,U0336,0,normal,-0.0449347807094029,0.21230932,0.2699893
U0057_D11,U0057,1,new_location,0.1350999795634409,3.401961,0.28156546
U0344_D6,U0344,0,normal,-0.0963517433436185,0.1958117,0.22791468
U0292_D14,U0292,0,normal,-0.0981772278377931,0.17747495,0.22791468
U0558_D17,U0558,0,normal,-0.1113493696985739,0.115610056,0.22791468
U0239_D7,U0239,1,beneficiary_attack,0.1437623678310047,4.942165,0.5442336
U0091_D9,U0091,0,normal,-0.058628458714823,0.102004245,0.21377696
U0328_D9,U0328,0,normal,-0.0824845409867236,0.29182136,0.22791468
U0219_D17,U0219,0,normal,0.0728249895343772,0.5739183,0.22661936
U0508_D15,U0508,0,normal,-0.098984240019594,0.21367644,0.22791468
U0448_D19,U0448,0,normal,-0.1117762418607497,0.10530764,0.21377696
U0200_D9,U0200,0,normal,-0.0573951239933184,0.21324566,0.25575376
U0591_D8,U0591,0,normal,-0.1096459005580578,0.1158593,0.22791468
U0357_D3,U0357,0,normal,-0.072225154703044,0.19481038,0.41150656
U0107_D11,U0107,0,normal,-0.0926520555060166,0.21424681,0.22791468
U0377_D7,U0377,0,normal,-0.0409052484172853,0.26413473,0.22661936
U0120_D17,U0120,0,normal,0.1156153818756905,0.15898159,0.28156546
U0149_D16,U0149,0,normal,0.0607119921300044,0.7761578,0.22791468
U0156_D18,U0156,0,normal,0.1176585641645977,0.7811334,0.21377696
U0263_D13,U0263,0,normal,-0.0813648171823474,0.20724833,0.22661936
U0028_D16,U0028,0,normal,-0.0799850500158541,0.29044902,0.22791468
U0114_D2,U0114,0,normal,0.0496118274974182,0.3044976,0.26129663
U0057_D18,U0057,0,normal,-0.0594878969726674,0.19128907,0.2699893
U0523_D2,U0523,0,normal,-0.0747370383115101,0.08781992,0.25575376
U0234_D3,U0234,0,normal,-0.1223491834358716,0.08477605,0.1946163
U0011_D10,U0011,0,normal,-0.051918195138648,0.2416424,0.2699893
U0499_D13,U0499,0,normal,0.134635730154736,0.37742522,0.25575376
U0096_D20,U0096,0,normal,-0.1209213454460386,0.055568073,0.21377696
U0551_D3,U0551,0,normal,-0.0091118211374946,0.16462488,0.2699893
U0098_D3,U0098,0,normal,0.0113426822815705,0.23122555,0.25575376
U0444_D18,U0444,0,normal,-0.0263316628542911,0.16310583,0.40022975
U0418_D11,U0418,0,normal,-0.0757737659033938,0.22513038,0.22661936
U0105_D6,U0105,0,normal,-0.1048476089662236,0.10803014,0.21377696
U0187_D17,U0187,1,large_transfer,0.2356412722477655,13.84373,0.2699893
U0364_D12,U0364,0,normal,-0.0842094952381993,0.21647435,0.22791468
U0214_D2,U0214,1,credential_attack,0.1254467181154777,1.5587789,0.78122795
U0569_D18,U0569,0,normal,-0.0583628296451977,0.1976772,0.2699893
U0100_D1,U0100,0,normal,-0.0666332220763992,0.31108314,0.21377696
U0415_D15,U0415,0,normal,-0.0675125115179534,0.13125575,0.2699893
U0534_D19,U0534,0,normal,-0.003689067335561,0.31704342,0.26129663
U0213_D18,U0213,0,normal,-0.0902114662019801,0.12344413,0.1946163
U0295_D8,U0295,0,normal,-0.1076103141161341,0.062297564,0.21377696
U0599_D3,U0599,0,normal,-0.033630622748562,0.13376309,0.22661936
U0095_D4,U0095,1,credential_attack,0.1103455871345064,1.4660844,0.78122795
U0490_D12,U0490,0,normal,-0.1236129444334063,0.051680204,0.21377696
U0262_D14,U0262,0,normal,-0.1222061705144108,0.10472524,0.21377696
U0421_D7,U0421,0,normal,-0.1333853235380955,0.026029455,0.21377696
U0155_D9,U0155,0,normal,-0.0729464839784495,0.19798066,0.41150656
U0582_D5,U0582,1,large_transfer,0.2371182550916453,15.419266,0.2699893
U0248_D3,U0248,0,normal,-0.0388924895588441,0.25028783,0.28156546
U0283_D11,U0283,0,normal,-0.0735382370063574,0.30087143,0.41035748
U0248_D17,U0248,0,normal,-0.0863239809473092,0.25395763,0.22791468
U0214_D15,U0214,0,normal,0.0022671926031798,0.4082145,0.26129663
U0106_D2,U0106,0,normal,-0.0779210311878986,0.21421517,0.22661936
U0290_D20,U0290,0,normal,-0.1100154138309978,0.16037363,0.21377696
U0514_D9,U0514,0,normal,-0.0040202130784289,0.12298899,0.2699893
U0166_D14,U0166,0,normal,-0.1122034642570274,0.13204578,0.21377696
U0358_D6,U0358,1,composite_ato,0.2614476963443898,8.030594,0.69102186
U0381_D3,U0381,0,normal,0.0627169105995699,0.34614807,0.25575376
U0470_D7,U0470,0,normal,-0.129343622555962,0.068044014,0.22791468
U0396_D4,U0396,0,normal,-0.0647121611423546,0.1872688,0.22791468
U0157_D2,U0157,0,normal,-0.0625920295877923,0.1725867,0.25575376
U0427_D4,U0427,1,credential_attack,0.1312736846519092,1.8053843,0.78122795
U0059_D5,U0059,0,normal,-0.0051982126164939,0.50710225,0.28156546
U0383_D15,U0383,0,normal,-0.1319141461658621,0.041929223,0.21377696
U0188_D13,U0188,0,normal,-0.0431706064636459,0.29107907,0.22661936
U0204_D10,U0204,0,normal,0.0777468984651801,0.13057147,0.1946163
U0170_D2,U0170,0,normal,0.0174531957337616,0.14545049,0.2699893
U0452_D14,U0452,0,normal,-0.1153906188578818,0.09837406,0.22791468
U0470_D6,U0470,0,normal,-0.1046265609694714,0.100571275,0.1946163
U0553_D12,U0553,1,credential_attack,0.118553648032934,1.6167436,0.78122795
U0102_D4,U0102,0,normal,-0.0135661780805661,0.15362106,0.2699893
U0072_D4,U0072,0,normal,-0.1108276063738921,0.05521201,0.21377696
U0315_D13,U0315,0,normal,-0.0812216674586969,0.13321188,0.22791468
U0149_D17,U0149,0,normal,-0.0189275570457209,0.3386453,0.28156546
U0182_D11,U0182,0,normal,-0.0280069065914623,0.33852047,0.2699893
U0284_D17,U0284,0,normal,-0.0310818561364698,0.4021267,0.40022975
U0383_D3,U0383,0,normal,-0.0057836488630261,0.5019052,0.21377696
U0100_D17,U0100,0,normal,-0.078651113771645,0.18412869,0.22661936
U0168_D4,U0168,0,normal,-0.0516592941124488,0.2695584,0.1946163
U0105_D20,U0105,0,normal,0.1611112132629741,0.478326,0.2699893
U0411_D5,U0411,0,normal,-0.0100783911938047,0.19204995,0.22661936
U0254_D7,U0254,0,normal,-0.055362599057542,0.1285494,0.25575376
U0139_D1,U0139,0,normal,0.0796105359377892,0.43072772,0.28156546
U0194_D7,U0194,0,normal,-0.103349594414541,0.16149324,0.22791468
U0191_D14,U0191,0,normal,-0.1076924988015172,0.09751965,0.22791468
U0420_D10,U0420,0,normal,0.0209753913600413,0.6463783,0.26129663
U0063_D1,U0063,0,normal,-0.0228660998391122,0.31009185,0.25575376
U0028_D11,U0028,0,normal,-0.0784957093394859,0.20351624,0.22661936
U0490_D7,U0490,0,normal,-0.0218299916313267,0.28127182,0.26129663
U0016_D13,U0016,1,composite_ato,0.2720688869566517,14.724477,0.69102186
U0296_D13,U0296,0,normal,0.0866760840496959,0.1589869,0.21377696
U0099_D10,U0099,0,normal,-0.1270618568024663,0.06213459,0.22791468
U0563_D20,U0563,0,normal,-0.0595216602739839,0.16970594,0.2699893
U0383_D1,U0383,0,normal,-0.0828147715184999,0.2078083,0.21377696
U0420_D7,U0420,0,normal,-0.0614412587858705,0.19453835,0.41057152
U0232_D4,U0232,0,normal,-0.0693912484960191,0.22431752,0.22791468
U0157_D5,U0157,0,normal,-0.0302020367131537,0.3851296,0.41150656
U0502_D11,U0502,1,new_device,0.160213446195074,0.98633003,0.4589417
U0242_D20,U0242,0,normal,-0.0911189970596718,0.19252872,0.22791468
U0326_D9,U0326,0,normal,-0.0999311585543672,0.0802384,0.22661936
U0543_D2,U0543,0,normal,0.0950029651549627,0.17716864,0.22791468
U0407_D1,U0407,0,normal,-0.0822750345704017,0.27235654,0.22791468
U0217_D14,U0217,0,normal,0.0356369685662577,0.7763828,0.41897097
U0020_D11,U0020,0,normal,0.1864554281494128,0.65107894,0.25575376
U0042_D7,U0042,0,normal,-0.1133923666926048,0.090117134,0.1946163
U0233_D7,U0233,0,normal,-0.0788745643289148,0.15420578,0.22661936
U0596_D20,U0596,0,normal,-0.1126571318281566,0.16920242,0.22791468
U0108_D2,U0108,0,normal,-0.0843746563176848,0.27175748,0.22791468
U0330_D2,U0330,1,credential_attack,0.119349581896148,1.5498936,0.78122795
U0356_D4,U0356,0,normal,-0.0439026718972418,0.18277533,0.2699893
U0579_D18,U0579,0,normal,-0.0961140009832982,0.09027098,0.22791468
U0331_D9,U0331,0,normal,-0.1327086449012842,0.056290705,0.21377696
U0598_D20,U0598,0,normal,-0.0302190059826263,0.33890307,0.2699893
U0213_D12,U0213,1,beneficiary_attack,0.2264290707324197,1.449252,0.5442336
U0589_D4,U0589,0,normal,0.0089024615455001,0.36808553,0.2699893
U0567_D11,U0567,0,normal,-0.0274013958109205,0.38011068,0.22791468
U0442_D7,U0442,0,normal,-0.1333080008223975,0.060259428,0.41035748
U0484_D11,U0484,0,normal,-0.0781013566933921,0.18275851,0.22661936
U0064_D16,U0064,0,normal,-0.0907679380663802,0.15889145,0.21377696
U0416_D6,U0416,0,normal,0.1436256789518272,0.5396765,0.25575376
U0264_D20,U0264,0,normal,-0.1308814328054221,0.070378505,0.22791468
U0033_D3,U0033,0,normal,-0.0624148529688089,0.15180504,0.2699893
U0329_D20,U0329,0,normal,-0.1212056500001071,0.058374856,0.41035748
U0301_D1,U0301,0,normal,-0.0859004592676053,0.16133367,0.1946163
U0202_D3,U0202,0,normal,-0.0496813932852444,0.12278477,0.22661936
U0489_D8,U0489,0,normal,-0.003359594231471,0.6587231,0.21377696
U0340_D2,U0340,0,normal,-0.1154722594364028,0.115120955,0.22791468
U0224_D20,U0224,0,normal,0.0124819729363609,0.7807764,0.22791468
U0478_D18,U0478,0,normal,-0.1173333361584692,0.045480434,0.21377696
U0069_D13,U0069,0,normal,-0.0480363157996468,0.21459644,0.41057152
U0165_D15,U0165,0,normal,-0.1001938917328844,0.12256464,0.22791468
U0237_D13,U0237,0,normal,0.0590442612473181,2.343224,0.41150656
U0279_D10,U0279,0,normal,-0.0308694631599948,0.3035098,0.22661936
U0393_D10,U0393,0,normal,-0.0044682276488635,0.43895558,0.21377696
U0117_D9,U0117,0,normal,-0.0847899785818476,0.21523325,0.22791468
U0156_D12,U0156,0,normal,-0.0295342927387994,0.35006034,0.21377696
U0226_D19,U0226,0,normal,-0.0358854919594104,0.45292202,0.41035748
U0498_D7,U0498,0,normal,-0.1132898825562579,0.14082617,0.22791468
U0329_D16,U0329,0,normal,-0.1142851457865996,0.06284342,0.1946163
U0242_D2,U0242,0,normal,-0.1368667288155659,0.012283326,0.21377696
U0380_D18,U0380,0,normal,-0.1061639577142479,0.17307091,0.22791468
U0515_D17,U0515,0,normal,0.1348969516670776,0.44253662,0.26129663
U0077_D1,U0077,0,normal,-0.0781212872020047,0.18200344,0.1946163
U0337_D11,U0337,0,normal,-0.0484493664760856,0.25499678,0.22661936
U0589_D11,U0589,0,normal,-0.0468927039314168,0.11881626,0.28156546
U0457_D8,U0457,0,normal,-0.1044042038792418,0.16528577,0.1946163
U0494_D6,U0494,0,normal,-0.0447974652489561,0.45677423,0.22791468
U0594_D7,U0594,0,normal,-0.0657081006139199,0.15330665,0.2699893
U0296_D12,U0296,1,beneficiary_attack,0.215205633087324,3.67531,0.5442336
U0298_D10,U0298,0,normal,-0.1273847155663455,0.04452985,0.1946163
U0030_D4,U0030,0,normal,-0.0357356088085047,0.22606094,0.4030065
U0577_D13,U0577,0,normal,-0.0181820934062684,0.35932115,0.26129663
U0386_D14,U0386,0,normal,-0.1336610499106013,0.018195484,0.1946163
U0410_D20,U0410,0,normal,-0.0527490157191429,0.26304328,0.25575376
U0400_D8,U0400,0,normal,0.1907602863911627,0.6341336,0.28156546
U0382_D10,U0382,0,normal,0.1222314988553628,0.41240066,0.26129663
U0476_D1,U0476,0,normal,-0.0386725887602074,0.17890467,0.22661936
U0037_D13,U0037,1,new_location,0.0996132199302233,1.356166,0.28156546
U0276_D7,U0276,0,normal,-0.0767055842832969,0.121128455,0.2699893
U0184_D10,U0184,0,normal,-0.1265933160447211,0.082015686,0.1946163
U0439_D7,U0439,0,normal,-0.1145030904507505,0.056966033,0.41035748
U0490_D6,U0490,0,normal,-0.1146741818882542,0.09915003,0.21377696
U0316_D15,U0316,0,normal,-0.0535598170822534,0.2490001,0.28156546
U0312_D2,U0312,0,normal,-0.133179457117678,0.024334006,0.21377696
U0190_D19,U0190,0,normal,-0.0717439349974495,0.22915173,0.41150656
U0244_D8,U0244,0,normal,-0.0251033721542046,0.56780446,0.2699893
U0597_D7,U0597,0,normal,-0.11702815847288,0.07605967,0.41658178
U0404_D10,U0404,0,normal,-0.1233676249253174,0.0272998,0.1946163
U0069_D11,U0069,0,normal,-0.1130433782495777,0.08058037,0.22791468
U0203_D8,U0203,0,normal,-0.1244410220597458,0.05853073,0.21377696
U0282_D10,U0282,0,normal,-0.0478883459698688,0.12139969,0.2699893
U0120_D5,U0120,0,normal,0.1598666308648628,0.5080769,0.28156546
U0162_D12,U0162,0,normal,-0.0856226949719168,0.22136511,0.22791468
U0383_D13,U0383,0,normal,0.0398609206613801,0.6836434,0.22661936
U0595_D9,U0595,0,normal,-0.0766272269562032,0.1779386,0.22661936
U0347_D18,U0347,0,normal,-0.1230277085016073,0.10280875,0.41658178
U0474_D13,U0474,0,normal,-0.0711549959260816,0.13827294,0.25575376
U0294_D3,U0294,0,normal,-0.108985147498767,0.08904114,0.41035748
U0362_D17,U0362,0,normal,-0.0150326070635745,0.5519863,0.2699893
U0012_D18,U0012,0,normal,-0.1076626445031772,0.160327,0.22791468
U0101_D9,U0101,0,normal,-0.1170574994779165,0.12612012,0.1946163
U0031_D6,U0031,0,normal,-0.0332089766347356,0.34521633,0.28156546
U0562_D10,U0562,0,normal,0.1548747423709903,0.7237978,0.2699893
U0171_D19,U0171,0,normal,-0.0187133326208733,0.37001526,0.28156546
U0346_D15,U0346,0,normal,-0.1367036932112427,0.0028310837,0.1946163
U0486_D18,U0486,0,normal,-0.0544137365615364,0.28974178,0.40022975
U0161_D1,U0161,0,normal,0.1375877053655976,0.81455743,0.26129663
U0136_D12,U0136,0,normal,-0.0346989114542357,0.27853057,0.28156546
U0519_D15,U0519,0,normal,-0.0770618086275979,0.12241055,0.25575376
U0176_D17,U0176,0,normal,0.0015122386129043,0.27993873,0.40022975
U0129_D3,U0129,0,normal,0.0139324231385287,0.8223416,0.25575376
U0537_D1,U0537,0,normal,0.0457643262147017,0.56095946,0.25575376
U0184_D2,U0184,0,normal,-0.1059325950489559,0.14789611,0.21377696
U0389_D5,U0389,0,normal,-0.0543175886547918,0.24116673,0.22661936
U0058_D8,U0058,0,normal,0.026465650415169,0.6176419,0.41150656
U0396_D13,U0396,0,normal,0.0283809390134466,0.5112859,0.2699893
U0398_D2,U0398,0,normal,-0.0101745369038221,0.14847262,0.25575376
U0414_D13,U0414,0,normal,-0.0078745859177404,0.43535757,0.1946163
U0259_D12,U0259,0,normal,-0.1002486684462469,0.19145423,0.21377696
U0380_D17,U0380,0,normal,-0.1245559946160032,0.05495958,0.1946163
U0230_D18,U0230,0,normal,0.0073829081192999,0.1396185,0.2699893
U0361_D12,U0361,0,normal,-0.040599324497943,0.12874739,0.22661936
U0132_D14,U0132,0,normal,-0.0058732941648801,0.42665,0.25575376
U0376_D5,U0376,0,normal,0.0895985486804166,0.45928895,0.22791468
U0265_D7,U0265,0,normal,-0.1315857096904404,0.07519594,0.22791468
U0569_D15,U0569,0,normal,-0.1293609402300691,0.0851132,0.21377696
U0092_D8,U0092,0,normal,-0.0309488865490231,0.3549643,0.2699893
U0192_D20,U0192,0,normal,-0.1060481423645506,0.20913233,0.22791468
U0166_D1,U0166,0,normal,0.0332580106873517,0.38040388,0.28156546
U0036_D15,U0036,0,normal,-0.0028948156852984,0.61405534,0.1946163
U0431_D17,U0431,0,normal,-0.0580436936597696,0.18697701,0.2699893
U0018_D18,U0018,0,normal,-0.1070264458807736,0.17221919,0.22791468
U0486_D1,U0486,0,normal,-0.0301768691015557,0.34627375,0.25575376
U0113_D19,U0113,0,normal,-0.0755724171317334,0.17624791,0.22661936
U0159_D12,U0159,0,normal,-0.1124436073137243,0.13623852,0.22791468
U0196_D7,U0196,0,normal,-0.0826966436913812,0.23461191,0.22791468
U0258_D20,U0258,1,credential_attack,0.1199014010853398,1.5199203,0.78122795
U0387_D18,U0387,0,normal,-0.1235517647402446,0.09735113,0.22791468
U0531_D13,U0531,0,normal,-0.1254801950751503,0.053469647,0.21377696
U0424_D19,U0424,0,normal,-0.1304459075608677,0.06357989,0.41658178
U0007_D5,U0007,0,normal,-0.1141994808034984,0.15261528,0.22791468
U0119_D20,U0119,0,normal,-0.0275961594253965,0.25808707,0.2699893
U0578_D3,U0578,0,normal,-0.0152426883822544,0.5404537,0.26129663
U0484_D20,U0484,1,credential_attack,0.1087109646599625,1.4550674,0.78122795
U0323_D10,U0323,0,normal,0.0833043282150893,0.1710353,0.2699893
U0526_D17,U0526,1,new_device,0.1049754959754721,1.1261622,0.4589417
U0287_D8,U0287,0,normal,-0.1079984004371083,0.13556063,0.21377696
U0135_D10,U0135,0,normal,-0.1178812151696378,0.098507926,0.21377696
U0360_D16,U0360,0,normal,-0.0080225077357969,0.5008184,0.41035748
U0149_D12,U0149,0,normal,-0.0417640268592003,0.18557395,0.28156546
U0239_D12,U0239,0,normal,-0.0586321562123546,0.06480026,0.2699893
U0106_D20,U0106,0,normal,-0.0509864553718812,0.29029408,0.22661936
U0283_D4,U0283,0,normal,-0.0733454477651797,0.06671726,0.22661936
U0321_D6,U0321,0,normal,-0.0832604790711517,0.23067781,0.41035748
U0341_D14,U0341,0,normal,0.0408065341887519,0.25813994,0.25575376
U0183_D5,U0183,1,composite_ato,0.2576055115753208,7.867411,0.69102186
U0427_D3,U0427,0,normal,0.096271899827156,0.2652459,0.2699893
U0004_D18,U0004,0,normal,-0.0340087760663461,0.21043105,0.26129663
U0355_D15,U0355,0,normal,-0.1005089072561735,0.13109137,0.22791468
U0523_D17,U0523,0,normal,-0.1027653496208413,0.22187525,0.22791468
U0525_D6,U0525,0,normal,-0.0793857708942216,0.17550792,0.22661936
U0544_D5,U0544,0,normal,0.0635989886866496,0.13337466,0.21377696
U0476_D8,U0476,0,normal,-0.1253671042225768,0.092360914,0.22791468
U0488_D13,U0488,0,normal,-0.1213520192135458,0.13868068,0.21377696
U0213_D6,U0213,0,normal,-0.1084698765066958,0.084462926,0.1946163
U0489_D7,U0489,1,velocity_attack,0.210607906239359,16.308384,0.41845408
U0419_D4,U0419,0,normal,-0.1102110227397569,0.12032003,0.41035748
U0554_D11,U0554,0,normal,-0.0600473458607591,0.29928038,0.22791468
U0050_D12,U0050,0,normal,-0.0611874586575221,0.10943683,0.25575376
U0260_D8,U0260,1,credential_attack,0.124900464710163,1.5921173,0.78122795
U0448_D11,U0448,0,normal,-0.1102713751755231,0.06956265,0.22791468
U0538_D13,U0538,0,normal,-0.0761197746445664,0.15290372,0.21377696
U0355_D1,U0355,0,normal,-0.0275663253600864,0.41393402,0.21377696
U0378_D10,U0378,0,normal,0.0899874438196615,0.26069087,0.25575376
U0024_D20,U0024,0,normal,-0.0145777539952385,0.4628003,0.28156546
U0224_D11,U0224,0,normal,-0.0684236058117857,0.13923727,0.1946163
U0236_D6,U0236,0,normal,-0.044648989437738,0.22234106,0.25575376
U0413_D5,U0413,0,normal,-0.0617370308461068,0.11746369,0.2699893
U0074_D19,U0074,0,normal,-0.0333000370207917,0.18669805,0.26129663
U0248_D18,U0248,0,normal,-0.0935769674262878,0.25394648,0.22791468
U0141_D10,U0141,1,credential_attack,0.117801619876492,1.5085254,0.78122795
U0111_D3,U0111,0,normal,-0.1250720375688961,0.09411881,0.22791468
U0326_D7,U0326,0,normal,-0.0164890030849487,0.1801557,0.2699893
U0597_D13,U0597,0,normal,0.1077024799890654,1.183351,0.26129663
U0371_D3,U0371,0,normal,0.0971023161946514,0.3491286,0.28156546
U0124_D18,U0124,0,normal,-0.0456892257783027,0.2372178,0.22661936
U0153_D20,U0153,0,normal,-0.0945356831566431,0.11770621,0.22791468
U0155_D17,U0155,0,normal,-0.0936924589051024,0.170482,0.21377696
U0220_D14,U0220,0,normal,0.0090499754645346,0.6769115,0.2699893
U0243_D10,U0243,0,normal,-0.0722196150542585,0.12963182,0.21377696
U0505_D3,U0505,0,normal,0.0291859513779767,0.09793638,0.2699893
U0441_D2,U0441,1,new_location,0.2050955155564944,2.1825705,0.28156546
U0400_D10,U0400,0,normal,-0.0145649199313573,0.3039506,0.2699893
U0118_D9,U0118,0,normal,-0.0181850124394413,0.18770248,0.28156546
U0260_D13,U0260,0,normal,-0.1069931781988203,0.18619105,0.1946163
U0214_D19,U0214,0,normal,-0.1025380294122066,0.19430558,0.22791468
U0207_D16,U0207,0,normal,-0.1060347326457794,0.17078358,0.21377696
U0096_D7,U0096,0,normal,-0.1243281059350271,0.09332881,0.22791468
U0293_D4,U0293,0,normal,-0.1029361086497491,0.07833123,0.22661936
U0533_D4,U0533,0,normal,-0.0907619798018309,0.23017672,0.22791468
U0204_D20,U0204,0,normal,-0.1338009118142257,0.058217958,0.21377696
U0523_D14,U0523,0,normal,-0.116554332299738,0.092739195,0.21377696
U0438_D2,U0438,0,normal,0.0166332679693956,0.18278188,0.2699893
U0313_D15,U0313,0,normal,-0.097161038411759,0.17932,0.22791468
U0559_D2,U0559,0,normal,-0.0740204981161576,0.20790675,0.1946163
U0052_D11,U0052,0,normal,-0.0522641566157731,0.28934726,0.28156546
U0070_D13,U0070,0,normal,-0.1092387359448724,0.16793574,0.22791468
U0386_D20,U0386,0,normal,-0.1027491250965457,0.18517113,0.22791468
U0140_D3,U0140,0,normal,-0.01601788115904,0.14005081,0.28156546
U0029_D7,U0029,0,normal,-0.0944010145191356,0.15126806,0.22791468
U0265_D15,U0265,0,normal,-0.1330836895294132,0.05402882,0.21377696
U0242_D3,U0242,0,normal,-0.0923630055232877,0.1359015,0.22791468
U0504_D3,U0504,0,normal,-0.041019226117538,0.24659102,0.22661936
U0532_D16,U0532,0,normal,-0.1362437812523696,0.025260068,0.21377696
U0421_D14,U0421,0,normal,-0.0656512747904032,0.17032517,0.25575376
U0446_D7,U0446,0,normal,-0.0487704133179262,0.08293649,0.25575376
U0407_D5,U0407,0,normal,-0.060396463101365,0.18465666,0.41057152
U0442_D16,U0442,0,normal,-0.0552882748667694,0.14598076,0.2699893
U0283_D10,U0283,0,normal,0.0394271675604775,0.21021307,0.2699893
U0387_D2,U0387,0,normal,-0.0956933779882456,0.13206817,0.22661936
U0556_D16,U0556,0,normal,-0.0646871103882352,0.23341066,0.41150656
U0238_D4,U0238,0,normal,-0.0489169810107349,0.21339075,0.2699893
U0116_D1,U0116,0,normal,-0.0552158486120405,0.19801992,0.21377696
U0530_D3,U0530,0,normal,0.031243824667445,0.76869464,0.22661936
U0103_D12,U0103,0,normal,-0.1107741903563347,0.08655566,0.21377696
U0231_D6,U0231,0,normal,-0.0251931564158726,0.09644232,0.4030065
U0345_D19,U0345,0,normal,0.0539116508387687,0.5889455,0.41057152
U0266_D5,U0266,0,normal,-0.1351608740084627,0.02947208,0.21377696
U0453_D9,U0453,1,velocity_attack,0.1839174645367632,32.420944,0.41845408
U0383_D10,U0383,1,composite_ato,0.2593953925187215,5.5466056,0.69102186
U0089_D16,U0089,0,normal,-0.1378718919899839,0.016098885,0.21377696
U0463_D3,U0463,0,normal,-0.1027030941123924,0.15270521,0.22791468
U0295_D18,U0295,0,normal,-0.0624836430816668,0.18672705,0.28156546
U0392_D12,U0392,0,normal,-0.076463214934828,0.15245605,0.1946163
U0329_D10,U0329,0,normal,-0.0452697312840991,0.3411806,0.28156546
U0008_D2,U0008,0,normal,-0.0822693895014612,0.15531324,0.21377696
U0571_D19,U0571,1,composite_ato,0.2607667533528277,20.072899,0.69102186
U0205_D14,U0205,0,normal,-0.1277423838567488,0.05907687,0.22791468
U0073_D10,U0073,0,normal,-0.1145925296421844,0.08872903,0.22791468
U0176_D6,U0176,0,normal,-0.0190674675096296,0.41873348,0.28156546
U0054_D4,U0054,1,new_device,0.1095884735465673,1.357178,0.4589417
U0155_D14,U0155,0,normal,-0.1175153051264747,0.09649989,0.1946163
U0102_D8,U0102,0,normal,0.0430236835187906,0.52293366,0.28156546
U0178_D7,U0178,0,normal,-0.0915237392869812,0.13716546,0.22791468
U0242_D8,U0242,0,normal,-0.1212979562095007,0.0962203,0.21377696
U0316_D5,U0316,0,normal,-0.0406987833243887,0.30413762,0.28156546
U0401_D20,U0401,0,normal,-0.1162630711540839,0.09141818,0.22791468
U0491_D18,U0491,0,normal,-0.1299230128040533,0.029772498,0.21377696
U0420_D5,U0420,1,beneficiary_attack,0.1851967013908443,2.8860512,0.5442336
U0274_D7,U0274,0,normal,-0.1284303355765876,0.0689359,0.1946163
U0278_D7,U0278,0,normal,-0.005425812710477,0.3728382,0.28156546
U0569_D12,U0569,0,normal,-0.0613088712966092,0.191887,0.25575376
U0127_D19,U0127,0,normal,-0.1270566924291184,0.052795418,0.1946163
U0241_D18,U0241,1,new_device,0.0969236456538731,1.3736572,0.4589417
U0280_D2,U0280,0,normal,-0.0994289544133544,0.13437866,0.21377696
U0132_D16,U0132,0,normal,-0.0341577609765746,0.3912979,0.28156546
U0463_D6,U0463,0,normal,-0.108572704336083,0.16232905,0.22791468
U0051_D16,U0051,1,large_transfer,0.229029341775563,6.1748896,0.2699893
U0038_D10,U0038,0,normal,0.0798424222603996,0.35072565,0.28156546
U0235_D13,U0235,0,normal,-0.0594167063905261,0.2256532,0.22661936
U0229_D16,U0229,0,normal,-0.016102759242893,0.15221305,0.41057152
U0173_D19,U0173,1,beneficiary_attack,0.2576910002080839,1.9929646,0.5442336
U0050_D16,U0050,0,normal,-0.0535163551417133,0.017471917,0.2699893
U0434_D2,U0434,0,normal,0.0128785397429763,0.80498016,0.21377696
U0505_D1,U0505,1,velocity_attack,0.1883311245124719,12.106873,0.38790223
U0529_D14,U0529,0,normal,0.0866912349866411,0.2177882,0.21377696
U0338_D7,U0338,0,normal,-0.1246818589983536,0.048435356,0.21377696
U0008_D4,U0008,0,normal,-0.0473556751961335,0.12418845,0.2699893
U0137_D5,U0137,0,normal,-0.0073306451097211,0.53546214,0.28156546
U0070_D5,U0070,0,normal,-0.1229042257233137,0.09410461,0.22791468
U0281_D10,U0281,0,normal,-0.1074655981427666,0.10960329,0.21377696
U0292_D20,U0292,0,normal,-0.0451548244679999,0.21989001,0.2699893
U0173_D7,U0173,0,normal,0.0779500263071745,0.374325,0.28156546
U0164_D2,U0164,0,normal,-0.1376635941541248,0.027162248,0.21377696
U0552_D14,U0552,0,normal,-0.1138540618493643,0.10663626,0.1946163
U0430_D8,U0430,0,normal,0.0680848836190318,0.7668095,0.28156546
U0416_D8,U0416,0,normal,-0.1311547947566823,0.024281137,0.21377696
U0242_D7,U0242,0,normal,-0.0454907794644491,0.40670076,0.41150656
U0068_D3,U0068,0,normal,-0.0808661897316143,0.19126958,0.22661936
U0143_D20,U0143,0,normal,-0.1218812225625385,0.08620318,0.22791468
U0194_D4,U0194,0,normal,-0.1392629135456734,0.018263197,0.21377696
U0377_D17,U0377,0,normal,-0.0668717692132956,0.1583119,0.2699893
U0123_D12,U0123,0,normal,-0.1056983517825499,0.104751036,0.21377696
U0078_D15,U0078,0,normal,-0.038108532189462,0.2961559,0.28156546
U0096_D11,U0096,0,normal,-0.1176377348557377,0.047363605,0.21377696
U0446_D19,U0446,0,normal,-0.1301065380729654,0.05043052,0.21377696
U0225_D2,U0225,0,normal,-0.0849695057875501,0.18840003,0.3965624
U0434_D10,U0434,0,normal,0.0628191279247922,0.13679247,0.2699893
U0004_D7,U0004,0,normal,-0.0145007504770313,0.12161928,0.28156546
U0028_D19,U0028,0,normal,-0.1206769873207316,0.1081814,0.21377696
U0255_D5,U0255,0,normal,-0.0907712547290174,0.0976067,0.21377696
U0437_D16,U0437,0,normal,-0.1328295249030832,0.03714226,0.1946163
U0446_D14,U0446,0,normal,-0.1293195129136403,0.038696717,0.21377696
U0095_D1,U0095,0,normal,-0.0085555685822559,0.43898323,0.25575376
U0300_D4,U0300,1,velocity_attack,0.2009406477089803,18.107195,0.42935443
U0387_D20,U0387,0,normal,-0.1122349632061859,0.08975827,0.1946163
U0092_D1,U0092,0,normal,-0.0803237664510266,0.22175412,0.1946163
U0370_D4,U0370,0,normal,0.1460638496462412,0.62617725,0.26129663
U0263_D5,U0263,0,normal,0.0434689417782345,0.63128316,0.41150656
U0018_D12,U0018,0,normal,-0.0811970052273319,0.08968073,0.22661936
U0366_D7,U0366,0,normal,-0.0718754779987563,0.14480352,0.2699893
U0066_D18,U0066,0,normal,-0.0055156782287263,0.283167,0.22661936
U0053_D19,U0053,0,normal,-0.0870249238642758,0.116142064,0.21377696
U0328_D18,U0328,0,normal,-0.1144861791153665,0.11834666,0.21377696
U0294_D18,U0294,0,normal,-0.1059006540823902,0.11681238,0.21377696
U0581_D2,U0581,0,normal,-0.0400960476537335,0.35684606,0.26129663
U0272_D7,U0272,0,normal,-0.023710474059268,0.101413645,0.28156546
U0290_D10,U0290,0,normal,-0.1147194088881378,0.11296051,0.22791468
U0189_D3,U0189,0,normal,-0.0893592431298253,0.15336683,0.22661936
U0121_D12,U0121,0,normal,-0.0440806891367152,0.24414052,0.25575376
U0204_D16,U0204,0,normal,-0.0870205529790962,0.26011,0.22791468
U0001_D7,U0001,0,normal,-0.0478538030128923,0.2287614,0.2699893
U0477_D10,U0477,0,normal,-0.0212084716742322,0.30193394,0.28156546
U0382_D17,U0382,0,normal,0.019708628933703,0.5340281,0.2699893
U0057_D4,U0057,0,normal,-0.0713769186224556,0.20314066,0.22661936
U0541_D10,U0541,0,normal,-0.1195630614548945,0.06961127,0.41035748
U0221_D9,U0221,1,large_transfer,0.2252236179545779,20.08004,0.2699893
U0446_D9,U0446,0,normal,-0.051092870207366,0.1376064,0.25575376
U0120_D3,U0120,1,credential_attack,0.1188078034810071,1.6008693,0.78122795
U0026_D15,U0026,0,normal,-0.1393564029325296,0.028495513,0.21377696
U0004_D3,U0004,0,normal,-0.1180518898514728,0.11388728,0.21377696
U0593_D2,U0593,0,normal,-0.0076682980286127,0.45471844,0.41897097
U0220_D15,U0220,0,normal,-0.0930088869027528,0.2208798,0.22791468
U0187_D14,U0187,0,normal,-0.1184633012135956,0.09870729,0.22791468
U0427_D16,U0427,0,normal,-0.0365689894980809,0.070110954,0.2699893
U0106_D9,U0106,0,normal,-0.0555819172784461,0.19781083,0.22661936
U0385_D5,U0385,0,normal,-0.1225873622377165,0.059419222,0.21377696
U0036_D4,U0036,0,normal,-0.0891901362631936,0.25638646,0.22791468
U0385_D20,U0385,0,normal,-0.1052995149025591,0.19234557,0.21377696
U0152_D10,U0152,0,normal,-0.0716196747690466,0.12322739,0.2699893
U0338_D9,U0338,0,normal,0.0151337541133423,0.78847414,0.41150656
U0204_D9,U0204,1,credential_attack,0.1293543737526945,1.6203725,0.78122795
U0405_D15,U0405,0,normal,-0.0449836931824906,0.24499862,0.2699893
U0598_D8,U0598,0,normal,-0.0290983979355164,0.36341524,0.28156546
U0064_D14,U0064,0,normal,-0.1106770209601785,0.11086467,0.22791468
U0245_D17,U0245,0,normal,-0.1124052527444815,0.13502416,0.22791468
U0575_D18,U0575,0,normal,-0.1055268728019634,0.10910013,0.41035748
U0203_D1,U0203,0,normal,0.0548110541769402,0.468273,0.2699893
U0553_D10,U0553,0,normal,-0.069169785308467,0.104678154,0.25575376
U0153_D12,U0153,1,new_location,0.126273939628832,1.3258351,0.28156546
U0373_D14,U0373,0,normal,-0.0964790016935193,0.19026667,0.3965624
U0419_D17,U0419,0,normal,0.0340993443774104,0.8458116,0.22661936
U0247_D4,U0247,0,normal,-0.0582583477173019,0.31450036,0.41150656
U0514_D18,U0514,0,normal,-0.0359266469047933,0.24314314,0.41057152
U0389_D1,U0389,0,normal,-0.0664758605994306,0.35582304,0.22791468
U0156_D10,U0156,1,beneficiary_attack,0.2472338414747634,3.5727894,0.5442336
U0503_D11,U0503,0,normal,-0.0279612646408717,0.23078693,0.26129663
U0342_D8,U0342,0,normal,-0.0443170117453516,0.24022502,0.2699893
U0189_D14,U0189,0,normal,-0.0999383596433482,0.17819795,0.21377696
U0291_D5,U0291,0,normal,-0.1281300539602639,0.028681533,0.21377696
U0404_D2,U0404,0,normal,-0.1204595573548352,0.08781029,0.22791468
U0439_D5,U0439,0,normal,0.0779220963536614,0.15534994,0.2699893
U0428_D18,U0428,0,normal,-0.1114384880020847,0.06946628,0.22791468
U0474_D16,U0474,0,normal,-0.0454500704527818,0.2387853,0.28156546
U0566_D4,U0566,0,normal,-0.1158687214813221,0.12358299,0.22791468
U0394_D11,U0394,0,normal,0.0310643203197046,0.31169668,0.28156546
U0399_D7,U0399,0,normal,-0.0207102640844134,0.11547557,0.4030065
U0599_D2,U0599,0,normal,0.1342885952148355,0.58813846,0.2699893
U0276_D8,U0276,0,normal,0.0364457860067807,0.15269916,0.41057152
U0088_D14,U0088,0,normal,-0.0883210508328261,0.114767194,0.21377696
U0147_D18,U0147,0,normal,-0.0459421714800299,0.22836328,0.28156546
U0066_D3,U0066,0,normal,0.0640210966155689,1.4826208,0.26129663
U0196_D13,U0196,0,normal,-0.1361811125496866,0.022977376,0.1946163
U0318_D6,U0318,0,normal,-0.1018102822966239,0.11328345,0.21377696
U0156_D19,U0156,0,normal,0.0181539784506528,0.35600224,0.22661936
U0338_D16,U0338,0,normal,-0.1133029704085482,0.053101555,0.21377696
U0549_D8,U0549,1,composite_ato,0.2552905043065723,16.969765,0.69102186
U0234_D10,U0234,0,normal,-0.0626804010558105,0.25846377,0.22661936
U0112_D16,U0112,0,normal,-0.1202364989585411,0.057342086,0.21377696
U0565_D11,U0565,1,new_location,0.109882223378541,1.3590077,0.28156546
U0406_D6,U0406,0,normal,-0.1233336319657734,0.10789717,0.22791468
U0401_D16,U0401,0,normal,-0.1115779513679899,0.10863231,0.21377696
U0155_D3,U0155,0,normal,-0.0721986144123806,0.3048736,0.22791468
U0308_D9,U0308,0,normal,-0.1331524304489554,0.06934812,0.22791468
U0031_D4,U0031,0,normal,0.0668512204004073,0.84839493,0.2699893
U0315_D10,U0315,0,normal,-0.06499261162421,0.051245682,0.25575376
U0572_D9,U0572,0,normal,0.0429395917511473,0.33864918,0.26129663
U0587_D5,U0587,0,normal,-0.0701683814706618,0.30130434,0.22791468
U0287_D18,U0287,0,normal,-0.0576831490913662,0.14138602,0.2699893
U0585_D20,U0585,0,normal,0.0582851068534904,0.7637333,0.2699893
U0049_D2,U0049,0,normal,-0.124395590808303,0.078864746,0.22791468
U0471_D15,U0471,1,large_transfer,0.2331895841292339,7.963011,0.2699893
U0585_D9,U0585,0,normal,-0.1342612737884818,0.0074414182,0.21377696
U0322_D1,U0322,0,normal,0.0038645194046865,0.61668307,0.40022975
U0491_D4,U0491,0,normal,-0.1198952814989112,0.05701758,0.21377696
U0357_D19,U0357,0,normal,-0.0090090407150358,0.6390927,0.26129663
U0058_D13,U0058,0,normal,-0.1302735059200118,0.05635504,0.21377696
U0017_D8,U0017,0,normal,-0.1227789250850582,0.102672294,0.1946163
U0344_D14,U0344,0,normal,-0.130913736365222,0.004364403,0.21377696
U0427_D20,U0427,0,normal,0.1350572267925911,0.39622632,0.26129663
U0339_D7,U0339,0,normal,-0.1240787049174752,0.05354409,0.1946163
U0263_D3,U0263,0,normal,-0.0362232740472704,0.2589728,0.28156546
U0150_D4,U0150,0,normal,-0.1262060431600054,0.055875693,0.21377696
U0465_D19,U0465,0,normal,-0.1077246320595325,0.06923757,0.21377696
U0268_D2,U0268,0,normal,-0.1209228116383864,0.020019962,0.1946163
U0345_D4,U0345,0,normal,-0.1225747845982509,0.048005488,0.21377696
U0363_D1,U0363,0,normal,0.0003642346237457,0.54829836,0.28156546
U0254_D2,U0254,0,normal,-0.1010027166495902,0.18990536,0.22791468
U0483_D11,U0483,0,normal,-0.0047724366380881,0.4501776,0.2699893
U0009_D1,U0009,0,normal,-0.0254616734426162,0.14307052,0.22661936
U0089_D17,U0089,0,normal,-0.1142488848887305,0.08619453,0.1946163
U0379_D8,U0379,0,normal,-0.0827407448523133,0.13385685,0.22661936
U0358_D1,U0358,0,normal,-0.0785631658486379,0.21892136,0.21377696
U0440_D3,U0440,0,normal,-0.1270942509188102,0.06307036,0.21377696
U0049_D12,U0049,1,new_location,0.1263175848696694,1.3972678,0.28156546
U0325_D16,U0325,0,normal,0.0028353918231495,0.5111796,0.22791468
U0176_D3,U0176,0,normal,-0.0905121447322075,0.23256451,0.41035748
U0446_D4,U0446,0,normal,-0.1037289303532448,0.0983194,0.21377696
U0172_D3,U0172,0,normal,-0.0839483705567954,0.11180981,0.21377696
U0267_D1,U0267,0,normal,0.1188285932023365,0.75473136,0.28156546
U0342_D19,U0342,1,composite_ato,0.2549510279993614,6.880063,0.69102186
U0519_D13,U0519,0,normal,-0.0693315700955261,0.14499177,0.2699893
U0470_D17,U0470,0,normal,0.046692648182123,0.8949969,0.22661936
U0260_D3,U0260,0,normal,-0.0299043584838544,0.18356854,0.28156546
U0489_D19,U0489,0,normal,-0.1138749090188702,0.05125877,0.21377696
U0545_D12,U0545,0,normal,-0.1127615109635735,0.04688498,0.41658178
U0545_D3,U0545,1,velocity_attack,0.2191327890000335,18.137716,0.41845408
U0148_D3,U0148,0,normal,-0.1237564786506229,0.052411534,0.22791468
U0448_D9,U0448,0,normal,-0.0632061600320105,0.14282459,0.1946163
U0192_D1,U0192,0,normal,-0.0474816032251294,0.1898184,0.22661936
U0225_D20,U0225,0,normal,-0.0826002992282867,0.25463408,0.22791468
U0343_D19,U0343,0,normal,-0.1371602757699124,0.015217574,0.1946163
U0504_D13,U0504,0,normal,-0.0179892499728462,0.44791475,0.28156546
U0490_D19,U0490,0,normal,-0.123124361786852,0.072452895,0.41035748
U0028_D15,U0028,0,normal,-0.1235054599980418,0.10618181,0.1946163
U0286_D16,U0286,0,normal,-0.1125411297327902,0.1371792,0.22791468
U0335_D20,U0335,0,normal,-0.0419544489294533,0.21278779,0.26129663
U0431_D5,U0431,0,normal,-0.0516331846481682,0.26583412,0.2699893
U0494_D8,U0494,0,normal,-0.0463870263825544,0.45896128,0.22791468
U0055_D19,U0055,0,normal,-0.0842682564648261,0.26510394,0.22791468
U0457_D7,U0457,0,normal,0.0366873684913682,0.2915424,0.2699893
U0531_D9,U0531,0,normal,-0.0735916588630557,0.22302824,0.41150656
U0139_D13,U0139,0,normal,-0.1235813157285656,0.022974921,0.1946163
U0359_D4,U0359,0,normal,-0.102758869708442,0.10269977,0.3965624
U0073_D2,U0073,0,normal,-0.0611215353173837,0.15083052,0.22661936
U0479_D6,U0479,0,normal,0.0271594812242272,0.7000547,0.22791468
U0269_D1,U0269,0,normal,0.0782883609108548,0.64942354,0.26129663
U0135_D13,U0135,0,normal,-0.0996913788898325,0.14483547,0.1946163
U0391_D12,U0391,0,normal,-0.0506387889772199,0.25704464,0.28156546
U0334_D13,U0334,0,normal,-0.1001789084670967,0.19165732,0.41035748
U0173_D8,U0173,0,normal,0.1423934663127039,0.5744708,0.28156546
U0003_D13,U0003,0,normal,-0.0480189596127409,0.2225397,0.2699893
U0249_D11,U0249,0,normal,-0.1242737713159517,0.03717618,0.21377696
U0516_D3,U0516,0,normal,0.1483787430349228,0.6713771,0.40022975
U0251_D19,U0251,0,normal,-0.0595355736702461,0.12712795,0.2699893
U0007_D17,U0007,0,normal,-0.1050586413488474,0.10722369,0.21377696
U0471_D3,U0471,0,normal,-0.0978651213429441,0.18895549,0.1946163
U0173_D18,U0173,0,normal,0.0095693668938083,0.4982659,0.21377696
U0302_D4,U0302,0,normal,-0.1194259064572151,0.12474995,0.3965624
U0136_D14,U0136,0,normal,-0.0583982318434829,0.20282836,0.22661936
U0424_D10,U0424,0,normal,-0.1142320626353994,0.10342553,0.22791468
U0524_D15,U0524,0,normal,-0.0559999144617622,0.118521184,0.25575376
U0480_D3,U0480,1,new_location,0.1758801615287453,6.344259,0.28156546
U0356_D1,U0356,0,normal,-0.0259820593354388,0.17852968,0.22661936
U0100_D14,U0100,0,normal,-0.1401418421375374,0.029346593,0.21377696
U0035_D8,U0035,0,normal,0.0115536630438111,0.07978339,0.2699893
U0065_D8,U0065,0,normal,-0.1212677936973788,0.13071233,0.1946163
U0033_D11,U0033,0,normal,-0.1244535621060614,0.108262695,0.22791468
U0237_D20,U0237,1,beneficiary_attack,0.2173375191286328,2.2484505,0.5442336
U0285_D2,U0285,0,normal,-0.1033154754291346,0.086153775,0.22661936
U0542_D6,U0542,0,normal,-0.0934996597586648,0.22014137,0.1946163
U0186_D8,U0186,1,new_location,0.107740101229714,1.2344508,0.28156546
U0330_D15,U0330,0,normal,-0.006450568088832,0.48175085,0.22791468
U0436_D12,U0436,0,normal,0.146555120216981,0.7384367,0.2699893
U0374_D1,U0374,0,normal,-0.0448972182921677,0.3843925,0.21377696
U0151_D12,U0151,0,normal,0.1535198306039813,0.43854386,0.28156546
U0292_D2,U0292,0,normal,-0.1216185132748544,0.10001613,0.1946163
U0369_D8,U0369,0,normal,-0.1357454745730716,0.030604491,0.21377696
U0083_D8,U0083,0,normal,-0.1123326772563317,0.095159054,0.21377696
U0305_D12,U0305,0,normal,-0.0987023400097261,0.12605551,0.21377696
U0532_D13,U0532,1,new_device,0.1105769616603502,2.16024,0.4589417
U0379_D15,U0379,0,normal,-0.1032069822627134,0.15898363,0.21377696
U0229_D19,U0229,0,normal,0.116573798874944,0.40023383,0.2699893
U0412_D9,U0412,0,normal,0.0112564589807041,1.6419501,0.22791468
U0408_D2,U0408,0,normal,-0.0827815622058531,0.16770026,0.22661936
U0578_D16,U0578,0,normal,-0.0488873440204336,0.20754133,0.25575376
U0469_D3,U0469,0,normal,0.0284214415857776,0.21961407,0.2699893
U0069_D12,U0069,0,normal,-0.0371785817614609,0.13582803,0.25575376
U0327_D4,U0327,0,normal,-0.0655132682362932,0.1598462,0.28156546
U0521_D18,U0521,1,new_device,0.1674852054605559,2.3266833,0.4589417
U0217_D18,U0217,0,normal,-0.1271497993960099,0.044222895,0.21377696
U0139_D20,U0139,0,normal,-0.1045891805135715,0.11496554,0.21377696
U0309_D9,U0309,0,normal,-0.0763442752308832,0.13033284,0.2699893
U0479_D1,U0479,0,normal,-0.0403224461115223,0.18921383,0.22661936
U0148_D12,U0148,0,normal,-0.0923425902851635,0.0706225,0.22661936
U0369_D14,U0369,0,normal,-0.1208150411264021,0.10217806,0.22791468
U0512_D18,U0512,0,normal,-0.080144642011735,0.2714914,0.22791468
U0554_D9,U0554,0,normal,0.0025339967645988,0.11010979,0.25575376
U0513_D9,U0513,0,normal,-0.1260386099359426,0.043847106,0.21377696
U0053_D15,U0053,0,normal,0.0351028288990382,1.4048567,0.26129663
U0551_D8,U0551,0,normal,-0.1180462897115397,0.08101479,0.41035748
U0217_D5,U0217,0,normal,-0.117960954622636,0.10465512,0.3965624
U0492_D8,U0492,0,normal,0.0966035364217637,0.93872523,0.26129663
U0432_D20,U0432,0,normal,0.1125774712636046,0.3610306,0.26129663
U0128_D6,U0128,0,normal,-0.0565843922777638,0.3583772,0.41150656
U0046_D8,U0046,0,normal,-0.1053126484642184,0.06958094,0.21377696
U0362_D13,U0362,0,normal,-0.0490707736494568,0.14741184,0.22661936
U0537_D13,U0537,0,normal,-0.0590562179008246,0.17902952,0.2699893
U0411_D17,U0411,0,normal,-0.0200691678967702,0.21377125,0.22791468
U0508_D18,U0508,0,normal,-0.0637071204916838,0.1944697,0.22661936
U0314_D17,U0314,0,normal,-0.0572693813321347,0.22284007,0.28156546
U0430_D2,U0430,0,normal,-0.1195120247847366,0.12194569,0.21377696
U0537_D2,U0537,0,normal,-0.0752307892125345,0.11166128,0.25575376
U0203_D5,U0203,0,normal,-0.0193505248333566,0.25575808,0.28156546
U0562_D15,U0562,0,normal,-0.1272504473565269,0.053817347,0.1946163
U0124_D17,U0124,0,normal,-0.1256374690547878,0.07228119,0.21377696
U0246_D1,U0246,0,normal,-0.0572150137278749,0.1891407,0.1946163
U0474_D12,U0474,0,normal,-0.1402993039969861,0.03162157,0.21377696
U0058_D4,U0058,0,normal,-0.0770650726705336,0.031427532,0.2699893
U0429_D6,U0429,0,normal,-0.094357698708981,0.15146919,0.22661936
U0324_D6,U0324,0,normal,-0.0893456763449237,0.13476896,0.22661936
U0088_D2,U0088,0,normal,0.0227225183744524,0.7183549,0.41897097
U0080_D3,U0080,0,normal,0.0885199690673578,0.18272856,0.22791468
U0547_D15,U0547,0,normal,0.0309999560609364,0.19710535,0.28156546
U0098_D15,U0098,0,normal,0.0659101495406181,0.7963142,0.2699893
U0031_D17,U0031,0,normal,-0.0897515378215044,0.1023078,0.1946163
U0145_D16,U0145,0,normal,0.0014594345071134,0.43681803,0.26129663
U0354_D16,U0354,0,normal,-0.1038472333314198,0.11591433,0.22791468
U0247_D11,U0247,1,new_location,0.0951929240748853,1.2740058,0.28156546
U0305_D1,U0305,0,normal,-0.0293610662161912,0.29868576,0.2699893
U0362_D15,U0362,0,normal,0.0900462291314376,0.31896067,0.22791468
U0432_D9,U0432,0,normal,-0.1013683893838928,0.1952075,0.22791468
U0208_D11,U0208,0,normal,-0.1075647003960342,0.16310006,0.22791468
U0498_D9,U0498,0,normal,-0.0534003470337655,0.18030567,0.28156546
U0277_D18,U0277,0,normal,-0.0260538610345557,0.49361646,0.41150656
U0190_D15,U0190,0,normal,-0.0946360814101179,0.2354174,0.1946163
U0228_D2,U0228,0,normal,-0.0896983054406737,0.19012372,0.22791468
U0128_D12,U0128,0,normal,-0.0187977405385671,0.2370117,0.26129663
U0431_D6,U0431,0,normal,-0.0463303215364742,0.20548114,0.25575376
U0567_D3,U0567,0,normal,0.004999454538665,0.30191603,0.22661936
U0178_D12,U0178,0,normal,-0.0141584344976473,0.47969845,0.28156546
U0036_D9,U0036,0,normal,-0.0536390530790314,0.18255131,0.2699893
U0031_D10,U0031,0,normal,-0.1051664353397351,0.19480951,0.22791468
U0473_D8,U0473,0,normal,-0.1005653205991607,0.18796775,0.22791468
U0085_D10,U0085,0,normal,-0.1243522792499066,0.057824194,0.1946163
U0035_D5,U0035,1,velocity_attack,0.1883853465063149,13.805011,0.40494108
U0038_D14,U0038,0,normal,-0.1278271337934692,0.05997061,0.22791468
U0222_D11,U0222,0,normal,-0.1342213535660635,0.015266606,0.21377696
U0563_D12,U0563,1,new_location,0.1404470798897857,1.3702109,0.28156546
U0041_D11,U0041,0,normal,-0.097765850647683,0.17477952,0.22791468
U0539_D20,U0539,0,normal,-0.1189833709993431,0.079725586,0.22791468
U0313_D3,U0313,0,normal,-0.0989985240707663,0.15748043,0.21377696
U0531_D18,U0531,0,normal,-0.1151159968433409,0.122609034,0.22791468
U0084_D4,U0084,1,new_location,0.1197171992112637,1.4243064,0.28156546
U0583_D15,U0583,0,normal,-0.1390343567640753,0.024091939,0.21377696
U0463_D12,U0463,1,beneficiary_attack,0.1999836563255703,12.471384,0.5442336
U0406_D17,U0406,0,normal,-0.0183236718307605,0.10577044,0.26129663
U0426_D7,U0426,0,normal,-0.0980210134230611,0.16762923,0.21377696
U0095_D10,U0095,0,normal,-0.0633272148026702,0.12782721,0.2699893
U0196_D11,U0196,0,normal,-0.133585478393677,0.034068756,0.21377696
U0365_D18,U0365,0,normal,-0.1115564349863668,0.15747257,0.22791468
U0411_D13,U0411,0,normal,-0.066051665209,0.17418729,0.21377696
U0568_D4,U0568,0,normal,-0.117956614257772,0.09622663,0.3965624
U0028_D7,U0028,1,new_location,0.1406264815219908,1.1568791,0.28156546
U0012_D19,U0012,0,normal,-0.0881480946165971,0.10592586,0.22661936
U0068_D17,U0068,0,normal,-0.0302401615365522,0.33585393,0.22661936
U0052_D14,U0052,0,normal,-0.125562987651864,0.089671165,0.21377696
U0129_D10,U0129,0,normal,0.0648115262032181,0.76703537,0.28156546
U0262_D18,U0262,0,normal,-0.1153883915086717,0.08283812,0.21377696
U0349_D11,U0349,0,normal,0.0094945309712535,0.6214702,0.41057152
U0019_D18,U0019,0,normal,-0.1167655681750093,0.10910009,0.21377696
U0162_D3,U0162,0,normal,0.0800402159814723,0.55564785,0.41897097
U0482_D19,U0482,0,normal,-0.0298807893578662,0.24874896,0.2699893
U0062_D20,U0062,1,new_location,0.1413184293761101,3.8958712,0.28156546
U0177_D8,U0177,0,normal,-0.0524316394006563,0.20930189,0.2699893
U0034_D16,U0034,0,normal,0.0168619410542414,0.20785289,0.2699893
U0031_D9,U0031,0,normal,-0.0486780947815508,0.239748,0.28156546
U0422_D18,U0422,0,normal,-0.1309005313380115,0.043669347,0.21377696
U0162_D13,U0162,0,normal,-0.1212452026129042,0.06924454,0.21377696
U0552_D16,U0552,0,normal,-0.1388541105698756,0.024468407,0.21377696
U0109_D11,U0109,0,normal,-0.0856266783243926,0.17091545,0.22791468
U0164_D18,U0164,0,normal,-0.1048567792737565,0.10332669,0.21377696
U0272_D4,U0272,0,normal,0.080508513028909,0.35052687,0.3965624
U0442_D18,U0442,0,normal,-0.0795787465687176,0.17239824,0.22661936
U0134_D11,U0134,0,normal,-0.0951309083064155,0.20220822,0.22791468
U0392_D11,U0392,0,normal,-0.0631876206634399,0.11447261,0.22661936
U0345_D5,U0345,0,normal,-0.1250827916206651,0.076521784,0.21377696
U0054_D3,U0054,0,normal,-0.0782922061819467,0.061505973,0.2699893
U0176_D19,U0176,0,normal,-0.071432622933884,0.06508888,0.2699893
U0331_D3,U0331,0,normal,-0.0466234200959424,0.22621621,0.28156546
U0573_D12,U0573,0,normal,-0.0435999608847392,0.249112,0.28156546
U0129_D13,U0129,0,normal,-0.1162663976200871,0.06933975,0.21377696
U0227_D17,U0227,0,normal,-0.0461162643716726,0.31429538,0.22661936
U0584_D20,U0584,0,normal,-0.0512265023251919,0.15171678,0.26129663
U0055_D8,U0055,1,new_device,0.1318131337646881,5.4697948,0.4589417
U0560_D18,U0560,0,normal,-0.0237542412797409,0.16141097,0.28156546
U0566_D5,U0566,0,normal,0.1393792084614707,0.48780775,0.28156546
U0381_D7,U0381,0,normal,0.0147241685468663,0.84758854,0.1946163
U0445_D13,U0445,0,normal,-0.0443852712006797,0.29700363,0.28156546
U0500_D20,U0500,0,normal,-0.1263026208143142,0.07530429,0.22791468
U0055_D4,U0055,0,normal,-0.0616702617759529,0.20163286,0.22661936
U0081_D5,U0081,0,normal,0.1185405943377965,0.38476002,0.2699893
U0355_D7,U0355,0,normal,-0.0836049535691633,0.11467414,0.21377696
U0084_D9,U0084,0,normal,-0.0975592340243534,0.079240024,0.22661936
U0543_D10,U0543,1,large_transfer,0.2437380174066219,68.44156,0.2699893
U0367_D7,U0367,0,normal,0.04604596242809,0.9834922,0.1946163
U0553_D1,U0553,1,composite_ato,0.2113692420534184,7.6201816,0.69102186
U0096_D9,U0096,0,normal,-0.0825106433276781,0.12748194,0.22661936
U0330_D18,U0330,0,normal,-0.0484138769954293,0.2504895,0.40022975
U0358_D2,U0358,0,normal,-0.0780768485369629,0.24420434,0.21377696
U0527_D8,U0527,0,normal,-0.0397010090108895,0.16263837,0.22661936
U0530_D8,U0530,0,normal,-0.0812439197459312,0.11917567,0.22661936
U0599_D5,U0599,0,normal,-0.0557191980698201,0.36250922,0.41035748
U0351_D9,U0351,0,normal,-0.1263555821000731,0.025060602,0.21377696
U0252_D14,U0252,0,normal,-0.1362560844216946,0.024061035,0.1946163
U0297_D13,U0297,0,normal,0.0107592287266704,1.4727473,0.2699893
U0463_D5,U0463,0,normal,0.1040374000146311,0.40405896,0.22791468
U0061_D16,U0061,0,normal,-0.0759048077524357,0.09910815,0.22661936
U0046_D15,U0046,0,normal,-0.101693934228678,0.05432366,0.22661936
U0463_D11,U0463,0,normal,-0.0540205544987805,0.16593736,0.26129663
U0262_D17,U0262,0,normal,-0.0776190901634243,0.09555275,0.22661936
U0561_D16,U0561,0,normal,-0.1059248421620274,0.14170709,0.21377696
U0380_D16,U0380,0,normal,-0.061969665958621,0.10302898,0.2699893
U0478_D12,U0478,0,normal,-0.0667410927562953,0.12109045,0.1946163
U0039_D16,U0039,0,normal,-0.0299073609745711,0.19403628,0.2699893
U0183_D4,U0183,0,normal,-0.0899007605915339,0.13189678,0.22661936
U0349_D13,U0349,0,normal,-0.1149181949753072,0.033589024,0.21377696
U0489_D18,U0489,0,normal,-0.0715954880832645,0.17116773,0.21377696
U0181_D10,U0181,0,normal,0.0204259836018786,0.123499356,0.41057152
U0123_D4,U0123,0,normal,0.0806014837041187,0.279056,0.25575376
U0526_D14,U0526,0,normal,-0.0061470113362903,0.4801926,0.28156546
U0006_D19,U0006,0,normal,-0.1386144032602501,0.016040185,0.21377696
U0346_D11,U0346,0,normal,-0.0369525209785507,0.31724113,0.28156546
U0540_D15,U0540,0,normal,-0.0581151325014842,0.18937574,0.25575376
U0295_D6,U0295,0,normal,-0.1273809135773929,0.0740172,0.22791468
U0264_D4,U0264,0,normal,-0.107430536849863,0.19179678,0.1946163
U0407_D15,U0407,0,normal,-0.0415998209413519,0.1319079,0.26129663
U0326_D12,U0326,0,normal,-0.1100017152656462,0.10182508,0.1946163
U0599_D17,U0599,0,normal,-0.0834881628062709,0.12704562,0.1946163
U0597_D4,U0597,0,normal,0.0565475740676334,0.6074064,0.28156546
U0287_D12,U0287,0,normal,-0.0245474291074396,0.2754585,0.26129663
U0390_D3,U0390,0,normal,-0.012871489384325,0.57548165,0.28156546
U0262_D7,U0262,0,normal,-0.0985179713339282,0.13904396,0.41658178
U0388_D10,U0388,0,normal,-0.0678883115064478,0.3172382,0.22791468
U0355_D19,U0355,0,normal,-0.1025699377803531,0.054005027,0.22661936
U0395_D1,U0395,0,normal,-0.0303308656199754,0.3672583,0.2699893
U0522_D14,U0522,0,normal,0.1678473961519149,0.77149314,0.26129663
U0222_D2,U0222,0,normal,-0.1174159711193797,0.05813561,0.22791468
U0019_D16,U0019,0,normal,-0.0222531140656166,0.14574736,0.2699893
U0022_D8,U0022,0,normal,0.0992795640036953,1.299645,0.26129663
U0532_D9,U0532,0,normal,-0.0831024211255724,0.30830786,0.22791468
U0494_D15,U0494,0,normal,-0.0579211934390758,0.21039285,0.1946163
U0364_D2,U0364,0,normal,0.0288764035419679,0.8212961,0.22791468
U0232_D17,U0232,0,normal,-0.0807692644020862,0.16404551,0.21377696
U0365_D15,U0365,0,normal,-0.096901788910609,0.14065118,0.1946163
U0489_D13,U0489,0,normal,-0.042338705732805,0.2812382,0.41057152
U0238_D9,U0238,0,normal,-0.1077439472778742,0.13281155,0.41035748
U0441_D8,U0441,0,normal,-0.0698384639211388,0.10949331,0.22661936
U0534_D5,U0534,0,normal,-0.0278575129666224,0.40282106,0.28156546
U0481_D12,U0481,0,normal,-0.1056309563860584,0.10989804,0.22791468
U0513_D20,U0513,0,normal,-0.0128427465058901,0.4599895,0.40022975
U0588_D6,U0588,1,large_transfer,0.2269670556495147,7.124476,0.2699893
U0351_D2,U0351,1,credential_attack,0.1282847363286773,1.6031775,0.78122795
U0042_D20,U0042,1,large_transfer,0.2358278661013753,15.616453,0.2699893
U0405_D20,U0405,0,normal,-0.0512465875350983,0.21393548,0.22661936
U0459_D8,U0459,0,normal,0.0756756226849362,0.2503394,0.22791468
U0424_D8,U0424,0,normal,-0.1156595026372165,0.06203389,0.22791468
U0210_D7,U0210,0,normal,-0.1224708301041356,0.10268546,0.21377696
U0591_D11,U0591,0,normal,-0.035055201516041,0.30201983,0.41057152
U0137_D3,U0137,0,normal,-0.0533970164327153,0.21245803,0.2699893
U0329_D19,U0329,0,normal,-0.1058393064692061,0.17544538,0.22791468
U0403_D7,U0403,0,normal,0.1218941499642627,0.3066139,0.28156546
U0005_D3,U0005,0,normal,0.1012414597826466,0.26248896,0.40022975
U0311_D4,U0311,0,normal,-0.0547085699549622,0.19768907,0.2699893
U0371_D6,U0371,0,normal,0.1067545995485986,1.6293612,0.22661936
U0354_D6,U0354,0,normal,-0.1265095622091148,0.07447476,0.41035748
U0467_D14,U0467,0,normal,-0.0500491231394857,0.19797136,0.28156546
U0104_D1,U0104,0,normal,-0.0812801450279906,0.2541788,0.41035748
